,cov0,cov1,cov2,cov3,cov4,survival_time,censored
0,0.07286497894712299,0.5547913538076136,-1.721074219746383,-0.06572891569424687,1.3563581730678549,3.0,1.0
1,2.0589561701519647,0.15167808825431925,0.330851382002611,-0.3912992625541387,2.248452162000607,134.0,1.0
2,0.9082514341592448,1.2076252515761232,1.5145234511392027,1.3026165728253152,1.3957153980647516,134.0,1.0
3,1.2505715957951151,0.5324040853254969,0.2822152532250681,-0.11693781947009414,0.9643810667481812,49.0,1.0
4,-1.4159339551309194,-2.223206869092666,0.5556486272697528,0.763593114425719,0.2290274449615488,11.0,1.0
5,-1.157718325987095,-0.47269948377373533,-1.2986680895378926,0.42362175539111274,0.5907469379699523,105.0,1.0
6,-0.36225077624050606,1.482645251628038,0.18384001694168486,0.9717066055259507,0.03215894281416746,2.0,1.0
7,0.10240620734899,1.4007197105898967,1.2464239604076568,1.9149740273424456,-0.13242180701705222,67.0,1.0
8,0.49114610758720073,0.5935473644657655,-0.15400814399039334,-0.7115236370391941,0.15109044594295987,21.0,1.0
9,-2.507293964400646,0.8038682440524588,-0.5682948000257404,-0.44824621889651983,1.636422754520124,108.0,1.0
10,-1.3163812380713649,0.13586071004016415,-0.9206992464520943,-0.22240406087663994,1.405777910845274,12.0,1.0
11,-0.9909032036123014,0.746762386193844,-0.9370969513190824,-1.3667650521962642,1.740504418345777,132.0,1.0
12,0.20217186181405586,0.047989596652817205,0.8286233100013702,-0.8599712804140339,0.6990890545726289,3.0,1.0
13,-2.7846074168111676,-0.6067423442684692,0.9805475814071837,0.6299263366906083,0.8537681610531094,44.0,1.0
14,0.5811447169190762,-0.2579841563660262,0.6643251822937211,0.40420401372527287,0.075519977133313,35.0,1.0
15,0.6010655991321815,0.2545073110807819,0.44162751005168854,-0.2534259103530489,-0.14969134378375007,5.0,1.0
16,0.35063232241379855,0.9905875522948399,2.2881385560684504,-1.054835183031092,0.19124326835062597,155.0,1.0
17,0.03594894616919422,1.584340464717264,0.7222419406101133,0.2488667180615712,-0.7590519964637571,108.0,1.0
18,-0.2905470374633679,0.8162757298978096,-0.6460054499732223,0.282868052729046,0.4070974798727424,8.0,1.0
19,1.2155288105835702,-0.47796595007535114,-0.5631771293203687,-1.2346921772205042,-1.611314602588406,86.0,1.0
20,-0.02872723718866292,0.27874390563060913,2.4380120208426703,0.1510213787287487,0.23412151909305218,24.0,1.0
21,-1.053991724193812,0.08709651057910767,-0.39290453942581127,0.5736429920254118,-0.5481694315528897,6.0,1.0
22,-0.5705805162671526,-0.6785896032099455,-1.6404837433083483,0.7107815992961333,0.7426132848003882,25.0,1.0
23,0.17375138217281705,-1.3197564666887558,-1.7991160176382621,-0.5714311726620448,-0.27182256957992235,10.0,1.0
24,-0.9724200762212544,2.817840893088967,0.11003192193894505,0.34292451253301065,-1.2439963804058412,2.0,1.0
25,0.4489937972880407,-0.9575102136595104,0.515852522513869,0.17820886920804713,1.0699984550292898,56.0,1.0
26,-0.6401395727602799,0.26260283110220345,0.31630872244136216,1.0148058485442875,-0.4415093894331522,21.0,1.0
27,1.796262765795825,-1.328780946215797,-1.159906531974635,-0.9765397756929862,-1.4955115143591229,62.0,1.0
28,-0.01866281206808907,-0.8736312475796958,-1.7464524783637798,0.11270528438461482,-0.5557495280427037,3.0,1.0
29,-2.080525239552585,-0.6224060847310983,0.5077384484385717,-0.25649448701727234,-1.1008369660331978,60.0,1.0
30,1.1335617512574037,1.9691272773230475,-1.565474712977413,0.05189844910202727,-0.2257167104442025,98.0,1.0
31,-0.43456256741821675,-1.2207396806047448,-1.046012666742121,0.4185359843247776,-0.7037988971180555,1.0,1.0
32,-1.3614961640230046,1.5904456154216924,0.31355604226381517,-0.9385515442815416,-0.16037984889566495,64.0,1.0
33,-1.1332350275635286,1.085112058890636,1.1824909895609406,1.359677538960357,1.8264573679057974,67.0,1.0
34,-0.8742280379390327,2.1943822267596214,-1.3120679474713517,-0.3073576175459642,-1.7021111734493333,84.0,1.0
35,1.379291634879834,0.1489486036228808,0.030933478505110225,0.655551570739682,0.9047670336433549,9.0,1.0
36,-0.11743214039242152,-0.7433988854998955,-0.5960760499163832,1.207073978594232,0.27029969026544726,2.0,1.0
37,1.0792087838072693,0.9989740919069099,0.3472033477501627,-0.5089478838051523,1.0431037504930267,4.0,1.0
38,0.6589106005671721,-2.3335499948346468,0.7227712106706352,0.6490579556761392,-0.6322304977267659,47.0,1.0
39,0.8476951543000713,-0.9105612353987546,-0.5481872796704234,0.20137027550093706,-0.05079167123902288,8.0,1.0
40,-0.4902713351703395,-0.7296074059153631,0.25258029946276767,-1.5924928929913267,1.3783634176708603,15.0,1.0
41,-0.7557541195718153,1.0690168648484497,0.48186151098916763,-0.3369759919616855,-1.4971062277294562,2.0,1.0
42,1.0095264819451746,1.0335562837658254,-0.9076405118179146,0.7943902307607216,0.019388413227539574,9.0,1.0
43,-2.0413899886036875,-1.213681422361654,-2.75593419228283,-0.3694450684460139,-1.0215804796033712,34.0,1.0
44,0.4067046955760614,0.12499659982171131,-0.08593479419008565,0.957583805175609,0.8768827239274541,14.0,1.0
45,0.9495727896998393,0.44954908481056965,0.527811558777274,-1.2958042428376446,-1.5941382952836052,122.0,1.0
46,0.5289165330842638,1.2029963059095354,-0.011545450945649497,0.9539068471609663,0.6791583588507178,55.0,1.0
47,-1.1223423094218121,0.6178861962452654,0.33019456719738616,-1.4661459684969096,0.772527027779158,14.0,1.0
48,0.02485032218099753,-0.14813020515062114,-0.5785434078995629,-1.1609535382836442,-1.4907487213916286,6.0,1.0
49,-0.5896361641783855,0.7246014069688084,1.2868846101006206,-0.294411092535917,0.7416723889330101,3.0,1.0
50,-0.4554496131675468,-0.24814292729271067,-1.7149760212497411,1.8339767903731332,1.3307338601251637,58.0,1.0
51,0.260821247767554,-0.7083190511718156,-1.1785920913917567,-1.3868837859345742,-0.17902753247042064,10.0,1.0
52,-1.2432670795145104,-0.09503291224902993,1.7692625549902337,-0.9886921666937422,0.7117026376738748,56.0,1.0
53,-1.1361680185671947,-1.5467337295409394,1.020466455236081,-2.1161394112567584,0.09851753115852405,24.0,1.0
54,1.6927655605222551,-1.7942383837992872,0.13471278707028866,-1.2179869708386546,0.0022091913053965476,94.0,1.0
55,2.9910398809223926,-0.205904324733093,-0.25564252829175155,-0.16782681602467106,2.159049237108555,12.0,1.0
56,0.6363138553973204,-0.7819401130949871,0.28610591583205225,-0.5393630040036097,-2.894996765613702,68.0,1.0
57,2.1805174466796817,0.141859152554321,-1.1447284790607488,-0.016882355089560798,0.7290438574759859,66.0,1.0
58,-0.19571072432999626,0.9468364025749885,0.3754446146647398,-1.3322006393395855,0.38601529857174843,8.0,1.0
59,-0.5654317147264423,-0.82939540861154,0.19345298215477685,-0.6550904991141541,0.3724243815671633,2.0,1.0
60,0.365899362878637,0.4927589790828521,2.1772088675697527,1.2164422674948923,-1.5012825011661575,30.0,1.0
61,-1.3585533197781134,-0.1227552242436522,2.1859830499867923,-0.4276496160061481,0.1939084458048464,44.0,1.0
62,0.8937264176618078,0.2132168330662025,-0.46600732217412427,-1.003196140379315,0.7743957855737271,17.0,1.0
63,0.32039230522849677,0.05185179772929337,0.23838340976977374,-1.534457574412377,-0.06878570089853425,12.0,1.0
64,1.2885808745630651,2.553919864739841,-1.4601507062531627,0.3637260482220819,-1.337492673763508,13.0,1.0
65,-0.06420894236446567,-0.785164651424722,0.4726704436173223,0.4524627198608134,-0.4954318429509972,1.0,1.0
66,1.4000604654801474,-0.8688207126866228,-1.023523501678716,-1.5625728575723723,1.3756527304410076,193.0,1.0
67,-1.4230926765971148,0.8234703549288477,0.967609912253673,-0.833178456723909,-0.13975221408102986,2.0,1.0
68,0.8675245066964462,-1.5549243003930624,-0.6368632066937191,-1.384058055579027,-0.7304688951575035,13.0,1.0
69,-2.1704186765956757,-0.12385441623791787,-1.411652880170855,1.0879677400722034,0.8562735911680781,18.0,1.0
70,-1.3737302588271851,-0.5877261134579445,0.5426208144953201,0.929666390882878,-0.13574858825747574,12.0,1.0
71,-0.5566173433079982,-2.194550979432731,-0.34852286932011634,1.383450979524653,-1.5294586608301628,4.0,1.0
72,0.18477464009220826,-1.2474616683287445,-1.2740603679808056,0.3635052405171527,-0.8302396342071868,17.0,1.0
73,0.7764651749041457,0.6052438936298532,-0.1742148987890195,-0.6269041297603013,-0.3161043437302285,10.0,1.0
74,-1.0391547892399438,-1.6037384302218964,-0.17832151836606777,0.7666712264475527,-0.12651730226524985,2.0,1.0
75,0.8807819872329483,0.02782258571772414,-0.3561396055271262,1.2480326179233312,1.1676266667804067,51.0,1.0
76,-1.953178915190261,1.469303993719506,2.2738961547354495,0.07491215962260642,-1.5096718453217646,185.0,1.0
77,1.0666657455684472,-0.44356370997119265,-0.5225774313112109,0.2740502360922733,-0.9995453181740473,21.0,1.0
78,-1.0730967836867695,0.42255488425837345,0.03739235825138005,1.1220037397416653,1.4566859851130944,4.0,1.0
79,-0.2345588043068691,0.6275478774053775,-2.390167083532303,0.15014639524413428,0.39229678239952187,46.0,1.0
80,-1.0253914194112452,0.062470867224923156,-0.8749266490857431,-0.7141542359678498,1.9992936993404467,17.0,1.0
81,-1.8049218515195737,0.27750428624086704,0.21646266486006546,-0.7722321808858501,0.08429888630074178,60.0,1.0
82,0.06812062707498798,0.6196626010359267,1.3110806288213617,0.2578680812541659,0.604925192415292,49.0,1.0
83,0.3165469637992442,-1.2683334945205045,0.5602453080161327,-0.5248400050303628,1.3279581040610482,29.0,1.0
84,0.540575010763208,0.15014895191078503,1.577319336840987,1.0800048335128594,2.7064132142614885,50.0,1.0
85,-1.1493065460152272,0.9408684429974076,0.03226817032334997,-0.2594643843700411,1.6163691072409296,79.0,1.0
86,1.0633147024408878,-1.3477750148186884,0.3013716625816482,-0.12745824934638506,-0.807434836596816,9.0,1.0
87,-0.9602180061973723,0.6905618597156901,0.8280120627611784,0.7792627265934606,0.5736298852360158,129.0,1.0
88,0.19666770611282752,1.571339555840242,0.5274270251152946,0.3389634393820957,-0.7874981044950092,121.0,1.0
89,-1.8664145832037409,-0.5650730615512061,-1.4822922406249375,0.28077343248067144,-0.6806466603317473,37.0,1.0
90,-0.897154357239256,1.0339138392443732,0.42827793992278523,0.06392667648191454,-0.10519608422950277,34.0,1.0
91,-0.24495776741900432,-0.17210026915550666,-0.05699810961508238,1.1911162610318722,0.22846267469136605,78.0,1.0
92,0.2830929697868841,0.20681357396553957,-0.7670239352702716,-1.3120704825496015,-1.3891801064516138,3.0,1.0
93,-0.7618926595771337,0.2212831624302465,-1.34018068749415,0.3521272758450919,0.6080929289054168,29.0,1.0
94,-0.5917005243969564,-1.5307858844566524,0.08697196911699209,-0.767331781114783,0.09882585947281622,7.0,1.0
95,-0.6440409169744991,1.9588763800503026,-0.9477342863706604,-1.4431478041868244,-0.2636653726215348,32.0,1.0
96,-0.08907784761315035,1.2117797530743633,1.8473739061500303,-0.46448897455216304,0.9764899665427694,11.0,1.0
97,-1.0158765865678383,0.37262403216959056,-1.5497107768803948,0.892381759254934,0.8149201926687142,49.0,1.0
98,1.407301810136177,-0.2216816614141897,0.5374299186339592,0.25469256006783825,0.4450247184513799,62.0,1.0
99,-0.33109402201079835,1.8077166979987203,-0.2830739727503681,-0.17103950848964405,0.5667621047773052,68.0,1.0
100,0.4270901331396275,-1.049417235240804,1.1977642609349513,0.1630744474950547,-0.42117311274525776,12.0,1.0
101,0.16616378188787592,-0.1640685201043438,-1.8914122072222115,1.728100474723472,-0.0008020834618585356,23.0,1.0
102,0.3231537746054929,0.8341273316391686,0.5284286493851644,-0.17641118751267185,-0.09875758444341882,3.0,1.0
103,0.052582005431362704,1.3188942050749137,1.766134169571454,-0.13871098206522617,0.16322074583636256,19.0,1.0
104,0.21527952027581548,0.36346181724029525,-2.6788398405502165,-1.5367777521519064,-0.984904213963163,47.0,1.0
105,-1.4289685566956594,0.890044126070491,-1.6565008909425247,1.9354520818260248,-2.4294005093872295,1.0,1.0
106,-1.070061639884387,-0.9702928724817879,-0.8628826477019053,1.275095950037432,0.9759283773677837,1.0,1.0
107,0.7691415129378261,0.020431279363020693,1.2630323574271305,0.164191408929675,1.0185905618825455,109.0,1.0
108,-0.2519856809005853,-0.1369980233540132,-1.1548989988797997,1.214152091239831,0.6634864519799244,41.0,1.0
109,2.2814478616656286,0.4483400998622242,1.492412000953561,-0.38714968983283704,-0.7830990871976536,31.0,1.0
110,-0.1913613797487665,0.942248433188658,-0.6219760691011615,-2.1325986702453843,-1.6049693030312713,61.0,1.0
111,0.27345951573052346,0.6787347902055159,0.20157502229974705,-0.03329478265278353,-0.31218440214206944,9.0,1.0
112,1.6299618993447456,0.9590155145604427,0.33824741548811305,-0.6338345701540059,-1.795870415010169,59.0,1.0
113,0.08707555202001153,1.3862436391354,1.2574066393885108,-0.40233827809466527,-0.31789682900383576,6.0,1.0
114,0.012423498023753064,-0.5504494643954286,0.378968102483461,0.1428322257228556,-0.5025903305989456,1.0,1.0
115,-2.1501680572296116,0.5230412033223064,-0.7349181626794067,0.5256081359215303,-0.1183202745873547,76.0,1.0
116,1.1298509636834289,0.4068982760191271,0.8975156404752449,-0.03077791994212423,-0.8834019660678796,30.0,1.0
117,-0.626572393200686,1.0304417767802028,-0.34780464572672964,-1.211592713857437,0.00046637739128047273,28.0,1.0
118,1.2488391632415587,-0.13577274231403244,1.926413138272788,1.6858692612850847,-1.326004870761259,150.0,1.0
119,0.3492892467697448,0.5512082713100905,-0.29413362434710466,0.9418880143172098,-0.04657285941311941,24.0,1.0
120,0.2278138348460857,0.46903618602970276,1.0487024408265244,-0.03586521900065675,-0.4670085702443832,1.0,1.0
121,3.4262991307971875,-0.7033893021197137,1.0271043026908573,-0.35233805284380765,1.2016775812841975,98.0,1.0
122,0.6899283573402794,-0.562206786613336,0.8040046098555454,-0.8452962628714048,0.6383102185056381,44.0,1.0
123,-1.5150759025512954,-0.800404022099811,0.5595225255864748,-0.4921089314664161,1.8365064669289528,7.0,1.0
124,0.07988176827752744,-1.3945522452048518,1.2299228769400488,-0.35900426059416574,2.333233500942872,62.0,1.0
125,1.785820629102462,-0.7223619345462289,0.3227464205843867,-1.337279015484866,1.9817528820588974,134.0,1.0
126,2.556225855943605,1.525106718465734,-1.7228110333979278,1.0467628996096479,-0.6739403937731676,90.0,1.0
127,-0.38495935812577775,1.122216442766157,0.7123404535748621,-0.5256107659939983,0.6898597347178392,9.0,1.0
128,-0.4169031893376576,0.37444668116333196,-1.2703505468223142,-2.4550892306658816,-0.3797096581494761,55.0,1.0
129,-1.013599076028981,-0.3624006800974649,-0.03252290640121714,-0.10032648353886697,0.3115147536368389,1.0,1.0
130,1.067987424411002,1.522410656470501,0.2871211974854447,-0.21025399594413063,0.6268534169718631,53.0,1.0
131,-0.5057277401825152,-0.24546648889335834,1.1987836554561555,-0.08477978736156651,-1.6781245728619154,5.0,1.0
132,0.7220736606219218,0.5811094628993042,-0.6024312975591323,0.4003303192939022,1.6264543382201109,1.0,1.0
133,-1.3284379972032145,-1.930778720586354,0.16589331618057596,0.3057348898284918,0.6083682309045724,148.0,1.0
134,-0.88650590707676,-0.7416254450313843,0.7698127415642146,-0.5147043293005467,0.5415435982616019,12.0,1.0
135,1.682079898059702,1.7125171179953198,0.47049408226150125,-0.14463284343139607,-2.6521430637488765,22.0,1.0
136,-0.4312839907085935,0.6655982988190005,0.10275795517910448,-1.238346880168068,1.4098057774669455,49.0,1.0
137,-0.7922111336796319,2.9110616812571486,0.6365004123935446,2.2138700292450615,-1.363472505960846,200.0,1.0
138,0.06895064819634966,-0.1523928671894658,0.7960599478425434,-0.21869745114606892,-0.9219448734378959,3.0,1.0
139,-0.7943127793675877,-0.029724301822242637,-0.25269460284542083,-0.7303524704222766,1.6247852679376071,18.0,1.0
140,0.538996095053237,-0.8258636398185297,1.9408326491017038,-0.07051355090432845,-0.492871957675446,37.0,1.0
141,-1.331815424649135,-1.4222378559993019,1.193417587858146,0.17465633094439098,0.15223246884742372,8.0,1.0
142,0.1625059051899588,1.0809655197881969,-0.2549272152588643,-0.4737762184076937,-1.152989949646746,6.0,1.0
143,0.9038573812661784,1.3407881634422194,-0.3752890773530163,0.02769711409778606,-1.8027578348450817,37.0,1.0
144,0.8893992762704943,0.4761470102894071,-1.862267961011015,0.4163781598339056,-0.7478014259024427,7.0,1.0
145,-1.5900450093915304,-0.7502238184314396,0.49899314400291184,-0.9427862074858112,-1.2530125401206553,9.0,1.0
146,1.500890253288971,-0.03387563746704225,0.3168229574932739,-0.9593870840209714,0.03752161437157719,13.0,1.0
147,0.2759136897683124,-1.6033954751851194,-0.49213234576639614,0.3236967016537572,0.869445016585244,42.0,1.0
148,-0.1922943476701233,0.17721625792521437,-1.3190761269233,0.9251241346188688,0.568955336305146,43.0,1.0
149,-0.08360307775420281,-0.06791711335720618,0.057364175065635514,0.9957577642681275,-0.7437429708130631,2.0,1.0
150,-0.26343170004989647,0.3901878952108535,1.9121647214176585,-0.5877933680761914,0.843439377776895,116.0,1.0
151,-0.8276882772523615,-0.7521035426544475,-1.5024900337232585,-0.22061337477623816,-0.6162622432957041,1.0,1.0
152,0.25384992807695606,-0.7427448746367344,-0.44610506786054094,2.1157584394310556,0.3457877261790248,9.0,1.0
153,0.8136889312522944,-0.17772522700876484,-1.1550008987474756,-0.45597909305818063,1.8676492553294437,112.0,1.0
154,-0.20625538924507789,2.0476160117079476,0.9435791932527583,0.9748913534838785,-0.48551657048618946,1.0,1.0
155,-0.8577917783406357,-0.8824710862841504,-1.2290611881005937,1.226910759432122,-0.13611360133360792,16.0,1.0
156,-0.10793045772665957,-0.7423847950345916,-1.9291763767995547,0.5705134456728939,1.2046874440646,4.0,1.0
157,0.5387710901701426,-0.3729805710308394,-0.4826977843609642,-0.03221416164129516,1.2640944180223066,3.0,1.0
158,-0.29921912679423246,1.216598601574816,-0.7850103532084914,-0.40633137165122835,-1.441896433495951,33.0,1.0
159,1.2403479909780006,-1.7313807339371705,-0.5195438517396944,1.1491698725173602,-1.4200462889487786,3.0,1.0
160,-0.2842474753974965,-2.4091013179830365,-0.3194100009415835,-1.3389680972295515,-0.28604837284553647,40.0,1.0
161,-1.6534471740746186,-0.8392789652777739,-1.7733837154602943,0.47826998660606923,-1.8633972176095075,68.0,1.0
162,-0.35550380583603985,-0.6790449770266811,1.3903318626590089,-1.7472117578457398,0.6273056330644842,85.0,1.0
163,0.21917164563336064,0.5107703437561963,1.5422416632441192,-1.081061469831372,-1.1468543151837953,9.0,1.0
164,0.11501005951151029,-0.184426790738332,0.17943043558376345,-0.6503441707831125,0.21804037732753512,2.0,1.0
165,-1.219753731281286,-0.5370539045517683,0.2870291018212053,0.47174980436404507,-2.028186103027872,26.0,1.0
166,-0.8032157171986816,0.8756284636471299,0.6489286241458702,0.7598332450307951,1.0913040681884252,40.0,1.0
167,1.0780309401899304,-0.9982773447609078,-1.5834473158820013,0.28666979711467117,1.069507886151071,64.0,1.0
168,0.7291190149593438,0.9670456086694239,-1.0718824153221038,-1.9157606684635549,-0.3890649025890645,2.0,1.0
169,-1.2187508369295952,-1.9593913254325654,-2.4578802771493224,-0.11156800880963609,-1.1250075128804544,22.0,1.0
170,0.23730914860854896,-0.29956041553765317,0.6575463965905343,-0.4365223264146986,-0.3826436791676643,1.0,1.0
171,-1.177046178810373,-0.3851703674195123,-0.261775469138108,-0.3907224130916559,0.614454537136008,2.0,1.0
172,2.122336391392464,1.172975878644887,0.04785137970069257,-0.11404927104953157,1.9801840682973528,26.0,1.0
173,-1.9162763013984998,-0.1033219320000515,-0.7744337058099976,1.6715735059243955,-0.8622066947959226,38.0,1.0
174,0.6094540874613907,-1.161330601142246,-0.03816397673314841,0.05891358708546684,1.7244984770682605,15.0,1.0
175,0.5654644623612837,0.5352061921381943,1.4917316809374566,2.234589596467015,0.5054169634240189,112.0,1.0
176,-0.5592446055328062,0.3889920708388135,0.3407641413102707,1.4315222292123642,-1.238146036846205,69.0,1.0
177,-0.7820883985206837,-0.6731870926384782,-1.2480578954137982,-1.6603995728167473,-0.12690479052588075,2.0,1.0
178,-0.6656792034035032,0.9109410377803449,-0.31243370386502783,-0.6945914644839871,0.5392399470251674,10.0,1.0
179,-0.5480865075838572,0.2735680260166516,-1.3207876854943719,-0.2595389235462001,-0.7487917401804234,1.0,1.0
180,-1.160476064732835,0.6995424678073657,0.4943994091270148,0.4424909237060333,0.5693742465278889,32.0,1.0
181,0.36891540193867123,1.0790420316619018,0.45585341402521806,-0.8292275108257477,-0.3830927176871141,7.0,1.0
182,1.1047541801543423,-0.8070609308389942,0.06944549616362876,-1.5724168234120597,1.1070107747832794,135.0,1.0
183,-1.029697634622897,1.1322621047621533,0.9964538481009397,-0.19035927517990756,-0.0134188004656952,23.0,1.0
184,1.8753860272116074,-0.0986584234762549,-0.5400181997368874,-0.011988889883846915,-0.22058715318765879,8.0,1.0
185,-0.2112945279467005,0.3314516541099339,0.6048267760080241,0.44615424251205565,0.402495988567769,14.0,1.0
186,0.19419965755170668,-0.4842100906188616,0.8154202318012724,1.1039938940318177,0.5487918039880557,61.0,1.0
187,0.20620027302367255,1.2137604934731947,1.5893934978907396,0.6882413443778511,-1.4182599151658204,141.0,1.0
188,-0.5016847529586791,1.0637697320047104,0.9217906450618348,-0.3264985930724578,0.5279484815253596,29.0,1.0
189,1.3020027872609847,1.0614895101391753,-1.276033562133548,-0.3397501355885376,0.839564615372492,8.0,1.0
190,0.9154722642941214,-1.017089054830054,-1.1505244020063983,-1.1723612599385262,-1.1987023529368057,10.0,1.0
191,-0.20969942676844766,1.0452915239334215,-0.4143093389850034,0.0012572149376802195,-1.3959410014806157,23.0,1.0
192,-1.597760191141057,0.991814024000443,0.9633995321163394,-1.0714734318588686,0.13440247697333998,60.0,1.0
193,-1.3300874657791235,-0.16481759844486274,-1.8932178383575113,-0.6576700909727514,-0.8481723771061985,4.0,1.0
194,0.7291812398687371,1.069063954134543,-0.1313727293965087,-1.6621142411326444,0.10790071546562713,19.0,1.0
195,0.7291509272937817,-0.8387119484655042,-1.7700824080057358,-0.5335811793579336,1.2584319782969686,72.0,1.0
196,-0.9401842890003638,1.8496120149572746,0.9438807431318446,-0.4845134274613873,-0.5871577259002936,2.0,1.0
197,-0.2078187026510547,-0.9005446367791624,-0.19223743171297783,0.33720042614128254,0.6743511930425734,12.0,1.0
198,0.9471789761685283,0.016442658949691834,1.0454537881494466,-1.1600553356533352,-0.11259035689372418,18.0,1.0
199,0.38669919666404456,-0.08061239862323648,0.5590784139072895,-0.7411179469846533,-1.064117639450088,18.0,1.0
200,1.9545362032601254,0.9587577471641325,2.22194902048032,0.31733041103788856,0.9222575613923429,21.0,1.0
201,1.3902482018780808,1.160616217157936,-0.9240225509519284,1.5222769647379077,-0.6814249354927872,22.0,1.0
202,-1.2732187168707652,-0.7801644946189535,0.17701372227348278,1.0546317194384345,0.8903644204934171,23.0,1.0
203,2.5947862444627123,2.442108537428761,-0.32057951269176194,-1.2784051462448105,1.0801500298756717,197.0,1.0
204,-1.024438390450634,-1.6039548612454466,1.8662575539635757,0.4801890855774019,-1.3885635406807637,25.0,1.0
205,-0.9719876807187876,-1.1068711795333668,-1.3912796759292212,-0.9667670675849758,0.9991754209755896,11.0,1.0
206,0.9502934243537505,0.031214711961623023,0.2813217505679282,0.5195699159800816,0.3973050425912996,88.0,1.0
207,-1.008648662416306,0.2632959251133674,0.9957961683130145,0.8128587971018632,0.577106327456895,3.0,1.0
208,-0.5550646343522558,-0.05124675599940216,2.2963924476828974,0.47372157061514447,-0.396534512961408,29.0,1.0
209,0.562548920749663,0.6183050716485817,0.9187637835601831,0.9187710274488432,0.06123336363595777,31.0,1.0
210,-0.21098651641701752,-1.5855520700392653,0.153702069893703,0.4631348705169289,0.2571193289111849,29.0,1.0
211,0.3539722295050851,-0.04467736305657358,0.10248226456859061,-0.6068438002783144,-0.9422924202047892,3.0,1.0
212,1.4895066296374793,-0.10394117098104287,1.491080215013473,-0.44221030685610574,-0.4054832841530156,21.0,1.0
213,-2.5169422077908137,-0.9542274286814123,0.8454144891856361,-0.017668240364036133,0.4377773025247827,68.0,1.0
214,-0.46307933291764725,1.0239405198982692,0.37047503549333627,1.49552912109569,0.15806568986337033,57.0,1.0
215,-2.2277760895020084,-0.8341865089190754,0.2872348126298569,0.5891809668576354,2.691830716106451,84.0,1.0
216,0.0009814535585988958,-0.6571726727381956,-1.2174751098070784,-2.0606890080781324,-0.798075667072623,87.0,1.0
217,-0.6556633155114528,-1.6370825361472356,-1.9142817859794712,-0.30035989590077483,-0.44638734235677296,1.0,1.0
218,0.3016775424973705,0.7461545474686151,0.7060869776660558,-2.4211747238517756,-0.04921281514843198,111.0,1.0
219,0.5639639935154391,-0.7648477004301807,-0.13220953747961503,-0.8709403932687968,1.224515460945673,2.0,1.0
220,-1.2303330653083286,-0.39466524653910506,-0.22113259054026754,0.8780452532818526,0.0408378620309229,10.0,1.0
221,-0.7192063277374372,-1.2142922756232102,1.2080015419879109,0.16477453569719858,1.064321525521868,49.0,1.0
222,-0.7884717957382358,-0.4068216866215734,0.9214653171126007,-0.3329439134713302,1.2650777330340301,86.0,1.0
223,0.12495507648405174,0.7913530335879159,-0.3045495723605966,-0.8259156249652164,-0.3750928982389429,4.0,1.0
224,0.30383173770290184,-0.2605798131131111,0.6599117507790282,1.8751995201314435,0.7530370805639157,121.0,1.0
225,1.6921373837439881,0.46514672713447086,1.3328930907287553,1.0303961167373739,-0.10123827849092297,81.0,1.0
226,-0.04463561232758722,-0.10450280464522255,0.2880265051304247,-0.44153600730075826,1.2561895938297931,13.0,1.0
227,-0.4417280785791505,-0.8824795024782028,-1.2994790906672598,0.9765206271350588,2.0903980019578787,36.0,1.0
228,1.4265601425717453,-1.3692308335355248,0.33773711689596175,0.26926468523978236,1.2721674843522977,74.0,1.0
229,-0.599521369881389,0.17143048026941263,-0.47058160020744033,-0.06250776186330476,1.456234512344188,63.0,1.0
230,0.4523264969703185,-0.38100334401892677,-0.18305037204370475,-1.0999822379629622,0.15288374478077493,5.0,1.0
231,0.8642181937177607,1.2051923386590846,-1.5273813176238864,0.9419148246234581,0.7691423019994555,118.0,1.0
232,0.3916899578450272,0.6467221137450956,0.4913012126002243,1.6014415529104942,1.7746007324576716,9.0,1.0
233,1.8271075354941004,-0.7974779748518442,-0.3331568940401548,0.9188412746015521,1.104320751315372,139.0,1.0
234,-0.8517871514791825,0.4533212213777066,0.28666390405290165,-0.46760784361180785,1.5407641782383348,24.0,1.0
235,-0.22702568083292815,2.2577018490948,-0.031174192863092334,0.7067541743386383,-0.6725456916477006,1.0,1.0
236,-0.3569199080006654,1.0824685159077945,0.19007386868013948,0.1725674656087006,-0.531847183335857,14.0,1.0
237,1.5283535802667627,0.055923705743465855,0.5849749451568251,-1.3765219601749197,-0.9228061425958904,23.0,1.0
238,-0.9812643129616102,-0.5159127398299052,-0.44868407798339555,-1.5083407703807257,0.3691295744595436,2.0,1.0
239,0.026423215728523027,-0.6397799863392318,0.6807660806743776,-0.5217715700345298,-0.8714717252245561,3.0,1.0
240,0.03525004972049983,0.06218149400861508,-2.0118843772009867,0.06940634816857025,-0.12058117956962988,15.0,1.0
241,-1.2412610071086279,0.661081714232186,-1.4828308531139933,2.9949061873754173,0.8826250938922098,20.0,1.0
242,-0.7039474149136156,-2.0790623012961733,1.6445578101096614,-0.34336573427233735,0.4173858487226274,28.0,1.0
243,1.2076715410196632,-0.5322307137250333,0.4092774217453961,-0.6468551888599058,-1.3220164856446153,62.0,1.0
244,1.2230565542934184,0.8019970512821917,0.4038846758433629,-1.5260678469936686,-1.8496944885389068,97.0,1.0
245,-0.7105413371667176,0.3171462812123436,-0.5508829642832112,-0.021457856143198572,1.857393672446267,30.0,1.0
246,1.3160063343939974,-0.6005551591467029,0.2425325557307461,0.17439135706631595,1.0527402980558023,105.0,1.0
247,0.8938847517754268,1.6364402945426793,0.15154475929115263,0.609635612124966,0.6916202137104015,55.0,1.0
248,1.8708986424165464,1.502981675310647,-1.6546425682408978,0.10203162977659318,-0.589877720183991,33.0,1.0
249,-0.5709562057503743,2.2683574138965135,-0.797459647619205,0.4040292961026364,0.6053399243932952,87.0,1.0
250,0.2681315369105567,2.0494989727868393,-0.547299438814822,0.48243510248053834,-0.24506211116830803,175.0,1.0
251,1.6752377386523871,0.4693073533285377,-0.9809855825055714,-0.6372546769494707,1.6793735434513204,47.0,1.0
252,0.1494301186594989,1.1806814658916889,1.1714234016967862,0.12832188410373116,1.6288525561216132,34.0,1.0
253,-0.482431357235795,1.2367163314940708,0.7603240032547783,-0.04420515989964028,1.1134738003162141,38.0,1.0
254,-0.5787401039688065,0.8233211101840127,-0.3966941085224213,0.34466848616439494,-0.06341774168691354,59.0,1.0
255,-1.0605754354066925,1.0183779928101002,0.0819817148167384,0.4213521579116315,-1.67148936675544,17.0,1.0
256,-0.10828871584934974,-1.280733921666137,0.7409489791276104,1.7054107616125138,-0.03110099696894679,6.0,1.0
257,-0.4757187244551524,0.826090601453755,-0.9981641615915646,-0.7035469980463152,-0.7578794096670215,2.0,1.0
258,0.6218948813541273,-0.10189879608109194,2.1171182625424807,0.9643522381273174,1.0332230667762128,29.0,1.0
259,0.5482133628773337,0.9864920130941103,-0.8837030296765687,-0.39577703892517835,-0.5509416172133581,20.0,1.0
260,0.8679101840850818,-0.21098569838721715,-0.40922065212506725,2.729534923582927,1.294125669250411,194.0,1.0
261,0.9631579775222789,1.9443637256359096,-0.5397460396166406,1.8423460572847596,0.2544210479753166,111.0,1.0
262,-0.44299731771172046,0.2901230713346885,0.7769342792556048,-0.057050636176581855,-0.387805709303675,12.0,1.0
263,-1.0972808821244964,1.515735269128078,1.1471364264351689,0.02232879627898825,0.10772598151853306,69.0,1.0
264,0.43156021899068714,-0.2382642135885099,0.8962384201619921,0.9320794055641418,0.5098856866762547,11.0,1.0
265,0.5678884458303647,1.3707304236331401,-1.6030623464813505,-1.5902176159453911,-1.4577269588450306,43.0,1.0
266,1.302071975862725,-0.0660502472582649,0.6214109725511677,-0.280302211098454,1.430150493027421,110.0,1.0
267,-0.4281736111270091,-1.4650224212111604,0.2647488520805758,-1.1079788831471502,1.097714594030594,115.0,1.0
268,0.43896866730592426,2.20929568672572,0.21330563244654788,0.4098877358190186,-3.0954709666794398,25.0,1.0
269,-2.5855668099657536,0.609166387407589,1.3034112192645968,0.8289978674207328,-0.089100530675695,66.0,1.0
270,-0.540521748267856,0.6402071029855375,-0.012903602000970172,-0.6777710320485429,-0.26464247717529943,1.0,1.0
271,0.4159539693721045,-0.5094421970142106,-0.1860056167764014,1.6486882734700636,-0.9162600338831641,132.0,1.0
272,-0.6040455472271857,-0.4966880639642071,0.6564926722042623,-0.9556730451092047,1.4684163271928803,2.0,1.0
273,0.4457885066547442,0.32645937432415767,1.0522244574527093,0.05064291006399751,0.2680315700944168,7.0,1.0
274,1.0552280724886502,1.108524129474355,-0.6415639740550897,0.9581439350560035,0.3950902167470911,124.0,1.0
275,-0.30956562800369347,0.33887103284428366,0.5566990897944879,1.0522612126345223,0.23368530883292665,3.0,1.0
276,1.1097276165471164,-1.337688311243952,1.6833310526497116,-0.8243325769668431,1.4771759724075435,86.0,1.0
277,0.6300339335205787,0.6286495663223144,0.7645247609573517,1.5067986762260144,-0.5372002582861067,57.0,1.0
278,-1.0182661998335596,0.43171560550302357,0.6741741039673637,1.1053551826777066,-0.6026746856012436,28.0,1.0
279,-0.08637392947078519,-1.0414364626330221,0.4096338602525492,0.548253439092531,-0.12607374189712287,8.0,1.0
280,0.20152287716516723,0.6361606780450408,0.7435150742905525,-0.24839569917383233,0.2511854782417251,8.0,1.0
281,1.1543237922610703,-1.100606739615195,-0.27934527447993607,0.5464420306349501,1.4027385490224118,14.0,1.0
282,-0.8240427807817524,0.5193179114491785,1.1269266713525836,-1.185956906456678,1.0730982293609483,27.0,1.0
283,-1.3810140156481514,0.8256180405114686,-0.11116258128784967,-0.7231603799255873,-0.6042121974015932,10.0,1.0
284,1.5488890475696058,1.1235278224075047,-1.4517449866547056,0.036456940555232346,-0.5177888922609526,120.0,1.0
285,-0.5544283421836881,0.47025813997839894,-0.3127208973115423,0.8664130978530328,-0.24397672455939243,9.0,1.0
286,-1.83508916144907,-0.42530658933663384,-0.41998755018435224,-2.4044665768713314,1.2595747855999968,107.0,1.0
287,-1.6001110771404272,1.690748814686247,-1.0472255459285051,1.3872366565711691,0.15003427193963384,57.0,1.0
288,-1.5207083060894184,-1.6041661566235477,-0.012700025455811484,-0.15306865682932969,-0.3035370363550464,5.0,1.0
289,1.1805997001157653,0.4667283555798767,-0.6616009845325126,-0.546748767037049,-1.046921112298576,51.0,1.0
290,-0.5314668877599236,0.5559594225339604,-0.7784194178646958,0.41464628445348806,-0.4551608936768305,6.0,1.0
291,-0.6068069017214814,0.5611850239441867,0.23873066601487986,-0.3077531974970473,0.5006336125027453,5.0,1.0
292,-1.0705205042473656,-0.8750297341343886,0.1972416608291533,-2.623588654927337,0.6339265258625526,17.0,1.0
293,2.4494836080031073,-0.27715846261562394,-0.4990183180677414,1.1254187959887398,-0.07224539903160286,21.0,1.0
294,-1.5039233901548823,1.2464941868463524,0.4007756595351565,0.6212253678718108,-0.7838875879690332,26.0,1.0
295,-0.8814189177841274,1.8166811158933636,-0.31194202033286117,-0.13303086283577353,1.6108171124274044,13.0,1.0
296,0.3438678876524729,-0.9130012013336881,0.046539036507358314,0.45234986823056045,0.5171335216334687,2.0,1.0
297,-0.5424321702138049,-1.3738816739651751,-3.265598220154821,0.09107612029354197,-0.924165132126149,90.0,1.0
298,0.9579254452745944,0.8963964072325655,-0.5531163835131085,-1.0960790550849793,1.1038999978292618,22.0,1.0
299,0.502906748659236,0.06574018827135866,-0.27113450948613427,0.19069953854340457,-0.2705991124602964,14.0,1.0
300,-0.2702545524056296,0.37026680328318073,0.7334218034484322,-1.425981224036586,1.7431705174827605,42.0,1.0
301,0.8281473494334642,0.8492796944536843,1.3181161664000562,0.6861376320428384,-0.766020336292703,76.0,1.0
302,-1.248169889132893,0.28629010309698166,-1.0640420214870845,-0.6242787204279401,-0.18860748281088766,4.0,1.0
303,-0.5470840993995035,0.0028503060717527647,0.7617294442004957,-0.3494659448364358,0.068649491376259,10.0,1.0
304,0.6682077694758072,-1.3981556028225233,0.5720111538418666,0.005106353169501569,2.7252350435713004,103.0,1.0
305,-1.6075317856878777,-1.4072998936813108,-2.570084038798111,-0.40095962179286787,0.9040238929033395,15.0,1.0
306,-1.2182506827823105,0.8383115402980603,1.6995331102314708,-0.2321915849591536,1.110323015346423,40.0,1.0
307,1.0569507567319163,-1.8311782829696164,-0.9436349429380286,0.26715474858491883,-0.770180538893169,14.0,1.0
308,-1.1726638122928612,-1.3502260779061293,-0.6595148186812667,0.38956472180627333,-0.6310594597713283,31.0,1.0
309,-1.0048779673103663,-1.5278415550791318,1.957246745707336,-0.1654707383125585,0.2231667484468689,62.0,1.0
310,-0.35387423222726494,1.0730535928153677,0.8539432917367149,-0.14844203623405294,-1.23725689210315,32.0,1.0
311,-0.5321479939249051,-0.8852784433284153,-0.29349293283917177,-1.7059647767275066,-0.8242463336588962,3.0,1.0
312,-0.9883351219539499,0.3592443339255958,0.6835256425714449,1.4330287298892959,0.5246212896393518,43.0,1.0
313,0.78566884439545,-0.7553177835448335,0.3969200472776503,0.8822107519203682,-0.8640958577455036,28.0,1.0
314,0.37016525798865363,0.7021687824085585,-0.5559421873960683,0.29951965758443133,-0.355853672202061,15.0,1.0
315,-2.1015604314058987,0.5619314475419696,-1.022019476896309,-0.46460358080564157,0.07569296771206792,48.0,1.0
316,1.1888737374574263,-0.24623432573190357,0.17986862709578236,1.4500349840303681,-1.1506338710942547,31.0,1.0
317,-1.9152916268972258,-1.8401651125507987,2.610618306709926,0.5257565403226162,1.220436416774092,78.0,1.0
318,0.6150669393419277,-0.9529873065496294,-1.8599695966355159,0.876249399236296,-1.309613407479449,24.0,1.0
319,-0.7317269365337986,-0.03423144449252321,-1.4162723083367017,-1.8300778261676556,-0.529454183777962,1.0,1.0
320,-1.1321044418684196,-0.07945998214187831,-1.095831075977196,0.9567846237427806,-0.5669736177325589,17.0,1.0
321,0.41544973284641945,0.40510728276317043,-0.18822893731500162,-0.33917185489800133,0.3273890924116067,10.0,1.0
322,-1.0340272766185583,-0.2224358723295486,1.6715131876799696,0.636999939716191,-1.0221926355674502,92.0,1.0
323,-1.3877998519995298,0.02187431606616067,1.2511801846828887,1.0603206279829642,1.20998460121216,83.0,1.0
324,1.0825986498320586,0.28461953879271196,0.37594617555549475,0.7766288659158024,-0.8051066664600162,24.0,1.0
325,0.8003870488302091,0.18258549916470088,0.36191272378418216,-0.3373371057582959,0.2676865343873777,4.0,1.0
326,-2.029158408234213,0.013762718811196293,0.2199655874055133,-0.5875858611605383,0.8443310155870071,54.0,1.0
327,-0.941602113708592,-0.14374164965007927,0.5100781283070992,-1.0901900367628377,-0.9593339975213365,4.0,1.0
328,-0.6252079758924421,0.11619845352321462,2.0391496316303557,0.6732654155175666,1.4369215876495558,67.0,1.0
329,-0.18685786410106522,-0.11378665283014605,0.5105411589495934,-0.6647132374313692,1.1526023755113812,1.0,1.0
330,-0.29655690692165493,1.9826916089729945,-0.5825907744112975,-0.5429244323888658,-1.330822136772241,8.0,1.0
331,-0.2010533160309216,-0.0698104489045998,-0.0819840877899752,2.8122670024778333,-0.22747677703899424,39.0,1.0
332,1.2613311833134435,1.2705310429401742,0.4316594037127903,0.8939184718839356,-0.813211486819885,162.0,1.0
333,0.6247491862303095,-0.5405486710421844,-0.2562872482420402,0.0012540209532929316,-0.506114175406404,6.0,1.0
334,0.44067465618881774,-0.2374810946147105,1.606898592252695,0.8727700563930568,-1.3057169272091453,90.0,1.0
335,0.6238492373562561,0.08791868084103037,-1.1295534515836607,1.0956116697465166,-1.018437896107756,21.0,1.0
336,0.8460186492859775,-0.3022716243448477,-0.6930987634434829,0.6080219026133362,0.5446467805864557,24.0,1.0
337,0.6700728227357751,1.884403706463245,-0.17557867129725166,-0.607796190418631,0.50223048151537,164.0,1.0
338,0.14627960531278378,-1.1675370258160578,0.24059095959004104,0.22689694324792842,-0.9937638069594809,12.0,1.0
339,-0.922077016000543,-0.1430970241526453,-0.9398257625075599,-0.23066130885702227,0.3805526305589681,4.0,1.0
340,-0.01386056406075977,-0.5808600823066561,0.6462115868694398,1.5335684843166908,0.756231520667805,34.0,1.0
341,-0.19728675965872358,0.13604512765956356,0.7622784613169186,1.3838954150838847,1.5533594173240866,100.0,1.0
342,-0.9230749192838771,0.9356950750218889,0.18325511159149607,0.43575794227359144,-2.356642394965047,207.0,1.0
343,-0.8742507910933657,0.436789202638211,0.649650143416009,0.09476155462062973,-1.0252955012849392,18.0,1.0
344,1.226745992298874,0.494133847402843,-0.7741339198769722,-0.0747603362280294,-1.0371809231498694,9.0,1.0
345,0.8081062078781505,-0.9447567442241259,-1.257929316509614,0.06256301492439768,-2.152524811939271,15.0,1.0
346,0.819135949777958,1.3007727883667364,-0.5883031959744796,-1.6722511488474958,-0.17684971168681715,58.0,1.0
347,-0.9316402742795296,-0.34809500079525846,0.4759943986168048,0.4427226056473323,1.3705410245551723,28.0,1.0
348,0.9074764547369621,1.3222748627305405,-0.27312212946738906,1.8260412329204707,0.7355733243482118,66.0,1.0
349,0.7479921468457443,0.36324151224731005,1.2945981231586616,0.5178017148194188,0.8674883685690662,129.0,1.0
350,0.7878707863705897,1.2929856921135023,-0.08201795378135805,-1.2391203063662206,1.3006470903993723,33.0,1.0
351,0.2801126788752673,0.13413662382901376,-0.5860767582224019,0.18305855092423967,-0.15589978252810496,13.0,1.0
352,-0.15809783962387405,-0.1458028279102535,0.0013562992453046354,0.59877203999148,-0.9583980868687497,33.0,1.0
353,1.22051085108953,-1.3015910236626684,-0.7528475718592537,-1.2620282680165582,0.008668928556964854,81.0,1.0
354,0.5508461270767727,-0.46419466169279927,-0.26757139671490787,-0.8663202299092334,1.4599750276694996,18.0,1.0
355,-0.13710068098684222,-1.7929471822374332,-0.6169006597167727,0.871822401973032,-0.6170464183646956,32.0,1.0
356,-0.16093237661835527,1.6110897407708373,-0.7683079787495286,-0.3426036082901912,-0.8397279269460186,49.0,1.0
357,0.956490281612934,0.2581026566464162,3.242598175473299,0.7796428999631703,-0.8774405643298973,16.0,1.0
358,-2.0014295439745076,-0.04439010333990727,0.08827563451257404,0.8417693125383313,-0.21233165955406952,14.0,1.0
359,2.066368977569232,-0.6654642088876676,0.13707087781239943,-1.1832620430446439,-0.6473359561637725,33.0,1.0
360,-0.5179626127546647,-0.6090648069116825,-0.945507418346925,0.5682056545642831,1.2804093942125951,84.0,1.0
361,1.8312391645058592,0.24716888307766915,0.5657041421263849,-1.10867437253961,-0.046059974623260225,3.0,1.0
362,-1.4103055933405317,-0.2873757114508691,-1.171025131946878,1.2205299721643503,1.5440068056754341,12.0,1.0
363,0.42796493840021227,0.27399321339975813,0.01894380175055732,1.0245413646952821,0.9896771434512004,10.0,1.0
364,0.14381718174623823,-1.2045419203940921,0.9006674150528289,0.24947520235869475,0.29038600542819487,21.0,1.0
365,1.818592693465092,0.9689965710049879,0.8566476936356366,0.9116871130206153,-0.8902525027848397,99.0,1.0
366,0.13522170107587644,-0.4035669903424407,-0.19006179293186043,1.4782251815894598,0.1930870746139632,12.0,1.0
367,-1.3511997555028687,-0.1197437190868193,-0.33128177290688327,0.5369565138690194,0.06683195009747436,5.0,1.0
368,-0.7291705927157456,0.5916593104302035,-0.2280132822370533,2.449354234158538,-1.101756827522244,171.0,1.0
369,0.3980475911700373,0.5513083946919889,-1.26895042993922,-0.9342454807524431,0.5930329056311018,2.0,1.0
370,0.4458897677361943,1.3847184163762423,-0.6853852332998733,0.598475372136,0.37475000125014796,120.0,1.0
371,-0.04985605195877338,-1.857825606528322,-1.5962827969819526,1.2272452809150274,-0.584640830598669,78.0,1.0
372,-0.800226554733953,-0.15884455210850157,-0.10453232706105484,1.105208808015069,1.2339400249470154,2.0,1.0
373,0.5852591669809789,0.2888802251824523,-0.6536314116112462,0.9856389004225266,-1.0381428679983193,51.0,1.0
374,-0.9289844288704961,-0.6541287826294702,-1.0806170919136737,2.5427602800568194,0.08742743840003897,93.0,1.0
375,-1.1950949576253624,1.0262852216595546,-1.530473233639909,1.8979541184178264,0.33792078122562247,36.0,1.0
376,1.5368681877042476,-0.3553493714920418,1.4719022227275729,-2.4179382311239728,-0.46324851335468353,65.0,1.0
377,1.9654154193614097,-1.2012160596022388,-1.3597974867965696,0.023996590927047663,1.316681250792837,83.0,1.0
378,-1.994990167603564,1.4448250343039009,1.130199695812398,1.2710619572012987,-0.011745594445704792,79.0,1.0
379,-0.22539580266395004,0.4870232889630171,-1.794359756452409,-0.26628936919836593,-0.45162659393742277,7.0,1.0
380,0.9947538857662895,1.8061436701017297,-0.6017002943115398,0.6391940218723186,-2.8954145688054957,11.0,1.0
381,-2.116393923922681,1.6262372150551248,-0.11652139199925286,-0.21954201568177512,-0.7052607458063399,46.0,1.0
382,0.7959903855931492,0.9215515258336783,0.45645586880388156,0.22626643119435386,-0.3914678932496351,2.0,1.0
383,-0.2531127375285842,2.5951569419560347,0.6004739105508328,1.0968210912129062,0.9468859381750743,18.0,1.0
384,0.5839342701987178,0.3247990390988799,-0.626184066415724,0.2894909806347828,0.8897472846672696,65.0,1.0
385,0.07629407713383854,1.5612783367936698,-0.5832917901633389,-0.39582953624586936,0.4948490053922711,56.0,1.0
386,-1.4387180935220039,0.7077998944867134,0.06822710996281944,-0.878720746089593,0.6419481883700207,14.0,1.0
387,0.5320972529139629,-2.578923175864278,-0.43270811701031736,-0.13144100169629164,1.1201614528991224,41.0,1.0
388,-1.0273433675101054,-1.67162089322309,0.722777539199173,-0.9384588873115345,0.18782585935445859,1.0,1.0
389,0.09853123736236455,-1.927844032978045,-1.0840734939687369,1.136589829858592,1.5360782678364178,36.0,1.0
390,-0.4891988711034294,-1.4358225907906137,0.7959687164489603,-0.8324678614955254,1.429762192957706,14.0,1.0
391,0.6348925154019177,-0.2835742204720053,-0.26017601344054947,0.4860651650217342,-0.624392911505916,57.0,1.0
392,1.5232783874064366,-0.9486783190159467,-0.08028249029202117,0.049247731372716826,-0.038626945966380555,113.0,1.0
393,-0.6163269646959739,-0.12822144681774336,0.007053795086208326,-1.287594799702991,-1.3984018089954469,6.0,1.0
394,0.22009185764148384,-0.832437657712045,-0.5603467488261759,1.378375941116057,0.1769732186563448,16.0,1.0
395,0.7080592435952359,-0.8777517989252988,-1.6356062703303624,0.5074234216558569,1.1757373406164433,103.0,1.0
396,2.472735978986798,1.2640117550095982,-1.3058837023716263,-1.6825977590525487,0.1514778176777039,37.0,1.0
397,-0.41537525370868533,-1.3599125006058042,0.25870815699076505,-0.1000383120380265,-0.7081154207349394,1.0,1.0
398,-0.6683312647481302,0.8946904548845059,0.990728321396646,0.9549619002848464,0.3795782612615604,23.0,1.0
399,-0.5553831326659823,1.5407426499174603,-0.7861950815739374,0.15729343207944463,-0.019124889871800006,35.0,1.0
400,1.155728181708471,-0.8126006107681306,0.880841813202383,-0.5478077858478877,0.6707606809247884,55.0,1.0
401,-0.9979275361941375,0.4461658809602136,0.745328107672137,-2.1304270753936083,-0.2181679823657719,64.0,1.0
402,0.6805113123795423,0.4069416920626138,-1.2758704563448804,0.9634759915324328,0.3059609350784596,28.0,1.0
403,0.7936188220774277,0.18086870756558393,1.6665558176185973,0.3582194841580092,1.2143412209924134,32.0,1.0
404,0.17154680167195557,-1.6058350883252783,-0.4797113497603288,-0.2148479616717276,0.9455427955725704,9.0,1.0
405,-0.33215736709768123,-0.6325900739501856,-0.4077377322760611,-0.36699114756538453,0.6436461151600829,1.0,1.0
406,-0.3343496872486565,1.2102579253079953,-1.4610349082320604,-0.614666492775942,0.31437087099376,87.0,1.0
407,-1.7322671554038136,-0.5605082340131425,-0.07941751883373607,-0.8290824343952793,-1.0815202233788161,10.0,1.0
408,0.697849932440811,-1.3517898283516727,-0.38449749631953306,0.2890246842146154,-0.7686533784642319,1.0,1.0
409,0.6966604733092315,-0.5178598242865748,-0.5379304991802949,-0.24168492320524984,-0.7336048962744297,1.0,1.0
410,1.0689006789871656,-0.38024981004702124,-0.9583382400990436,0.7986466202610477,-0.928021626440524,59.0,1.0
411,1.4697327853715028,-0.37785085011430153,-0.4973954524583125,0.5826696612741848,-0.38091894637429047,89.0,1.0
412,-0.7582802574635515,0.8941934111178591,-0.8892661594620622,2.0166984495502636,-0.2354054780941615,121.0,1.0
413,-0.1570506125807668,-1.1553357938106046,0.9907085331424377,0.7847481856922373,0.0905633288446416,49.0,1.0
414,0.15617029924168357,-0.7996946292598354,-1.4723656226953115,0.7284207783872341,-2.3259317683738763,75.0,1.0
415,0.6110203599874591,-1.0768289490363339,-0.8025645834314709,0.9154145584102548,-3.2199465370642675,91.0,1.0
416,0.7309907505676267,0.7319175350849139,0.38271680839130434,0.5279926176881948,-0.8504596237803385,8.0,1.0
417,-0.7812269406987082,-0.11877784860659016,-0.6253120657666533,0.8885526874477188,-1.0669657770961656,2.0,1.0
418,-1.3414394993876089,2.093253078447004,-1.2120337219829898,0.6276719294229343,0.0913761206630341,151.0,1.0
419,0.8379306671607232,-1.07366222575327,-0.3985766694642721,0.1292239837757222,1.1515517420189976,21.0,1.0
420,-0.01006944322794158,0.39730667740992315,-1.3412042130594002,-2.1262666680456497,-0.8438792420378581,9.0,1.0
421,2.0981804879043215,-0.1663111462019547,-1.494867025041707,1.1244744887813252,-0.3671399601096779,93.0,1.0
422,-0.25633745219761384,0.45342914686560454,0.22786314260794818,0.4557747112454942,-0.27876793320198306,3.0,1.0
423,-0.01781573060541735,0.0940136581393621,-1.430443604515926,1.1564601751185917,-0.0005899417387319713,19.0,1.0
424,1.578500227669675,0.5178979640190962,-1.3374065542946256,1.1867483013067808,-0.7114660616629443,95.0,1.0
425,-1.6814621232592977,-0.1678163299418882,0.6877387758347371,-0.6654760675951708,-0.6409799947774861,21.0,1.0
426,-0.036929691931767844,0.09892800672443451,-0.4646949091506665,-0.8840761811533304,0.39334401500542665,2.0,1.0
427,0.8148704899510952,-0.5905762397646898,-1.5403594929531854,-0.9139173941173033,-0.05525203487526721,38.0,1.0
428,0.6739754454628621,0.553829523904194,1.7302679690214646,0.6165714153441904,-0.2696315452796261,16.0,1.0
429,0.9656105849666765,0.38895384867797944,1.0842106674314371,1.6061575059124484,0.027612777841383267,85.0,1.0
430,-1.0952137040849912,0.8877595810771413,0.5484999548714985,-0.28653069644516876,0.6654595882155415,72.0,1.0
431,-1.8175990981798402,0.5871638960055603,-1.39588302728179,-0.6754566030719479,-1.068931327581226,22.0,1.0
432,-0.032858926455046934,1.6616938695776795,-0.3920266250838945,-0.0831974763090241,-0.20326474262877545,39.0,1.0
433,-1.2192208150658066,1.794078628199106,-0.31376978834939395,-0.8579672112063726,-0.9427463910324729,150.0,1.0
434,-0.3631012102032007,-0.679418994050458,-0.43857837992525445,0.5636309275803713,-0.926559412176235,1.0,1.0
435,2.0681442115804187,0.19014697612566517,0.4905379346474149,-0.6589660736732544,1.8201012144133073,5.0,1.0
436,-0.47286494837222615,2.076672806041008,-0.40520118223580254,-0.4678349446532444,-0.5927331570136948,17.0,1.0
437,1.030956918671768,-0.773474621498914,-1.9516063280313523,-0.5322085637721143,-0.29993068317182403,61.0,1.0
438,1.1239894925392855,0.855569268123379,-0.6961734056670967,1.7785129466883167,-1.4978473159919696,183.0,1.0
439,-1.4515198549516228,1.1002040164924909,-0.47120253996270234,0.5747109147698507,1.0634875212603638,106.0,1.0
440,0.9295263663449558,0.21188767237968628,1.9406533560735337,-0.051511039158327096,1.2544081768206032,102.0,1.0
441,-1.1829222496871787,0.20389933880686406,-0.6092016611748803,1.511021397682609,0.34635289331938574,68.0,1.0
442,0.05021349829833376,1.9798432933225905,-1.1520437571977948,1.3358794119711321,-0.4433302454357747,142.0,1.0
443,0.39187074665770877,-0.5468096969888665,-0.6918482062382908,0.6832779794851274,-0.17119520628964582,34.0,1.0
444,0.3376569145191946,-0.8451375589560772,-0.08349850274266368,-1.5297399933665425,-1.1912287012945966,2.0,1.0
445,1.2996019410500004,-2.1945766751803637,1.7035558916668456,0.8085103044666764,1.6456109187765096,58.0,1.0
446,-1.427671093374906,-0.16936771557936234,0.14574117651467278,-0.5675183261339962,-0.3996407739075632,1.0,1.0
447,-0.12392376293162047,-0.13402512470633826,0.7373018185411435,1.6047972364697354,-0.7089970439842723,41.0,1.0
448,1.3636901815513984,0.23277395693042463,-0.6097813235378446,-2.637466650982539,0.35079194879270875,42.0,1.0
449,-0.9890874970421641,1.3470093144808577,0.7094923619377299,-1.5377596094386876,1.6254494840807094,62.0,1.0
450,0.09772383646130668,0.16137892354946579,-0.4532432003704721,-0.815669051475704,1.2766641453150347,34.0,1.0
451,-0.8243427508833151,-0.38834294902274924,0.6609851523977933,-0.7491158487010868,-0.22375008689255976,3.0,1.0
452,0.10683855321716636,-0.7828165282224948,1.0079815891429644,2.3986504109893905,0.6590534484037259,123.0,1.0
453,-0.33045021060869395,1.430357420162116,0.9126452877916197,-1.3189008130967412,0.3111294986015833,35.0,1.0
454,0.18283587127341458,0.22291662120625788,0.7072950807656099,-0.17454489602293533,0.17072849662224246,4.0,1.0
455,0.5189662780932928,-1.2607611630330617,0.7347595679343297,0.33008777314543747,-1.177068317193693,27.0,1.0
456,0.46571732559939916,-1.5096605064568882,1.6151123484510004,1.631519913784176,-0.07911433360744842,1.0,1.0
457,-0.15831658072537363,-0.3944829816268424,-0.44845804082797425,0.18094728937368526,0.68972555714318,11.0,1.0
458,1.1372651414405608,-0.6545839058956586,-2.4826323299306243,-0.028750709512430778,-2.3786749076405687,23.0,1.0
459,-1.0483158667813512,0.1741976172910945,-0.5529707026134836,-0.2777983029413756,-1.3641501030255012,4.0,1.0
460,-1.6111514446099158,-1.6365968501517427,-0.04123285853360063,1.2861648451203227,0.6272374772945566,79.0,1.0
461,0.3687471954120621,0.013865217441087563,0.6349398873713626,0.3186125765355407,0.18170115256736627,21.0,1.0
462,1.0887618139655952,0.5311927346972964,-2.0119659452411076,-0.0939926078821746,-0.6807169706542417,2.0,1.0
463,-1.4068085171283433,-0.8159218189403084,-1.1673364043962893,-0.46724995793628415,-0.6390558962617121,1.0,1.0
464,-0.599117924234884,1.610641933032359,-2.0063906618435063,0.17190810699556108,-0.3795442958163857,4.0,1.0
465,-1.7860943928286865,0.052691757501692596,0.6294650281246904,-1.2094841215797631,1.5941902115119284,41.0,1.0
466,-1.472297007164492,1.644485618723725,1.0869992182476669,-0.9940609687453807,-1.4527861331016125,41.0,1.0
467,1.6176419227280656,-0.42700146894995955,0.47605772105225236,-0.03177371013477201,1.7209423417390133,118.0,1.0
468,-1.5410824889936996,0.6164482148191684,1.5511022345169205,0.5083892789327606,-1.5731475747600219,75.0,1.0
469,-0.8502306255389052,1.3408460130125153,-0.8515378983690205,0.44610316336771044,0.5080508322833319,51.0,1.0
470,-0.5854105075226039,-0.2989208194756349,-1.397283941716328,-0.627496742768376,0.7008826237392002,5.0,1.0
471,0.9062438739538374,-0.5822660641819744,0.5280900117660237,-0.9191219909002664,0.5931519065612868,5.0,1.0
472,0.47859112472688253,-1.2742803763268542,1.5950071277365574,-0.3967867866324926,-0.2332964039466425,140.0,1.0
473,0.4135011443289787,-0.013550677827119611,0.6596427684962575,-0.8252578110427865,-0.41363443314726145,8.0,1.0
474,-0.7768122355246048,1.0062987519234041,1.0611931724428856,1.2085948912518107,-0.544038074018317,4.0,1.0
475,-0.46812060155119434,0.8462958786015184,1.5761764363829038,0.08164436878541054,-0.030804233657510238,47.0,1.0
476,0.2522696498924063,-0.38395545308122464,0.6004158619293711,0.19840760545030753,-0.5545184823535925,1.0,1.0
477,0.318349682958093,-0.4369816631489361,-0.4474231840692175,2.272492894683043,-0.8498970494693905,6.0,1.0
478,0.16796733342392675,-0.6754570598695693,1.1317666448092725,1.368659604662209,-0.25151818993565456,37.0,1.0
479,1.5111789820839783,-0.3237404009778211,0.9465243477681727,-0.8998769276638877,-0.9209869279502118,69.0,1.0
480,1.3839818639635444,0.4773328226498054,-0.49005174740016605,3.1933418281296286,0.28244838424136737,172.0,1.0
481,1.2078785407741004,0.45966948362625076,0.44365536598509725,-0.35732714937893384,-0.04058835659181345,19.0,1.0
482,2.208132640919134,0.21073196299684654,1.653197031125661,0.15609330032124769,0.17761466750478455,57.0,1.0
483,-1.625792473854283,-0.6050232101761626,-0.4885921283919676,0.5063009686395199,1.1195044943946797,14.0,1.0
484,-2.5116564644225776,0.12760870196870105,0.9038111956358583,-0.6873917063986957,0.23211142613371918,36.0,1.0
485,0.6364362545421812,0.74790803382367,0.1967636955564525,1.7595304778093321,-0.07240799799176648,131.0,1.0
486,-0.44104778021146684,-0.7815451966095216,0.21665355502687864,2.5041910686580033,0.0742106867034688,203.0,1.0
487,-2.665327717708381,1.3739376732617783,0.1479792607187328,-0.055563482779516046,-0.3163891242991936,118.0,1.0
488,-1.8427314206342789,0.4258418375117033,0.7767133362889137,2.1703297871768092,-0.05776743895116451,69.0,1.0
489,-1.1139511211382611,-0.8721950551770769,-0.5046212501718015,1.2171434135942596,0.3799910304438889,35.0,1.0
490,-0.694156990154347,0.45317861041293483,-0.33893027730455855,-0.537940958159677,0.4288387953779666,10.0,1.0
491,0.057468652134144045,0.14382479423185152,0.5070052771489144,1.0366615386187126,-0.7930020759097184,88.0,1.0
492,1.102769429820753,-0.6616431614840618,-1.801921050967713,0.04141965085241902,0.5156874414330015,35.0,1.0
493,1.4500148161122424,-1.3820490779559158,-0.12819100565006664,0.8814743872345571,-1.2166350128010466,139.0,1.0
494,0.7308094832706744,-0.2895014317257707,-1.4438577061400606,-1.8037565587959115,-0.08815375125919749,18.0,1.0
495,-0.8614645790954597,-1.2251333910551054,-0.7706439653825764,1.915036317990692,1.8917164680491554,32.0,1.0
496,0.35505295485327576,-0.5781810106744072,-0.36314320147758555,0.3367268409713096,-0.13946219117592373,2.0,1.0
497,0.7240946025801529,0.2020612762082061,-1.076349528254183,0.3183753671966616,1.298657356039309,25.0,1.0
498,-0.3659269350196289,-0.05137121817965263,-1.3298309579617018,1.0655743447683252,-0.11764893615511147,47.0,1.0
499,0.45667023252811706,-1.5096900290784732,1.1400314807206438,0.8588617523799897,-1.048337887147711,165.0,1.0
500,0.05994712457257042,0.7676045010994934,-0.866022999248132,0.18006490193028285,1.335361732410974,123.0,1.0
501,-0.5992209057747944,0.18606793395047413,-0.4715931523204434,-1.0101164730595826,1.6048860574128665,136.0,1.0
502,0.3426188927331606,0.6088210107243278,0.3493796779704941,-1.1128329864868853,0.836221309942505,2.0,1.0
503,0.455729928623489,0.012682378065569743,0.2511200546273816,2.380106729087736,-0.7291192793358551,4.0,1.0
504,3.0218961355224443,0.23760752544875993,-0.7824708286078272,0.28725423315877635,0.15387838050934674,59.0,1.0
505,1.2548677585565706,0.7158402702861102,-1.973357235387659,-1.3018222781818234,2.610861801839096,12.0,1.0
506,-0.4281072482569942,-1.539235561195963,-0.7520345031437196,0.765201524577954,-0.12616810847920493,21.0,1.0
507,0.0904824550091268,-0.5019730608440726,0.49632799193411375,-1.6331041301511298,0.23602033600836084,39.0,1.0
508,-1.4855888605757153,1.0269709972213277,0.11560516470312798,-1.2195884530860885,0.39819172183715823,10.0,1.0
509,1.477319562003121,-0.461810697834944,-1.46735183227338,-1.27680083813985,-0.4158150488948094,66.0,1.0
510,1.4108139736348602,-1.569592579445583,1.3798160736744562,-0.41343620323734726,-1.2728069379417883,61.0,1.0
511,0.18542425566867657,-1.345013006191703,-1.1679860316988633,0.5028903998029186,0.11501334920074131,20.0,1.0
512,1.8150456830713453,0.587214766868994,-1.692967152132801,-0.8786943708148797,1.2128927860130643,82.0,1.0
513,-1.7533248494333598,0.6142766334216067,0.8116973340690259,-0.37887454831876927,-0.43181953439742543,15.0,1.0
514,-1.867837273447115,-0.11202677981730563,1.8300374111201394,1.0678913721166754,-1.6015192996799592,52.0,1.0
515,-0.7233318122793575,-1.5013834123563479,-0.7007007708633727,-0.17860232335342488,1.54032820291909,66.0,1.0
516,-1.9437624454465607,-0.3819539690246988,1.0159487779011562,-0.002986281807614936,-0.7741252734639058,1.0,1.0
517,0.09988127763952427,-0.31944428921633045,0.7862878921512985,0.6399188132603425,-0.8517877490224728,39.0,1.0
518,-0.7540670820851495,0.1902688480582894,-1.2334448643835538,-0.06957479727905148,0.3594066806963369,15.0,1.0
519,-0.23978308269221235,-0.49472013245396684,1.552623363322226,0.011754203001685367,1.0018612135551377,38.0,1.0
520,-0.7266656374370428,-0.3605452334136182,0.0999511052432542,-1.1220037253345154,-1.43790031849581,4.0,1.0
521,0.6003553792159251,1.0099022333793046,-0.30176201331713903,0.5720048362799116,0.20071283103392343,13.0,1.0
522,1.015711867348781,-0.19954523331618312,1.1413825165299465,0.22081052360570083,-0.6597417778430522,32.0,1.0
523,0.5868547927634593,1.2666726996118862,-0.42136230439314515,-1.2627247144303326,-0.09257079912982778,23.0,1.0
524,0.3859411151580163,0.020116879727934103,-0.36260817016018176,-0.9169156647041998,-1.8190285867109706,6.0,1.0
525,1.5881391790329298,-0.8837511994997389,-1.9122898561987234,-1.9249363350927904,-1.5983845927443416,52.0,1.0
526,0.7285658391230755,-0.07849257400057161,-1.375099618096544,-1.8049849563964528,-1.156451349245465,33.0,1.0
527,-0.28867516402949056,-0.18836167251811864,0.7330634786814273,0.43698525939960076,0.5212370852173371,17.0,1.0
528,-1.1295598587933193,1.0323302277520463,-0.08033443359454513,-0.8183276278416391,-0.05808835506715497,39.0,1.0
529,1.3249238896019282,-0.007044289175759509,0.09726872142991287,0.44697237894113656,0.6478583016430813,107.0,1.0
530,0.4733029618542287,0.21229104261246334,-0.053368976948075665,0.5343001808994589,0.3830940763338847,5.0,1.0
531,0.419994368712544,-0.5757899308156859,0.645900463827838,1.5884358249059167,-0.7179287190970051,19.0,1.0
532,0.5605797618545161,0.2966382405727928,-1.012218029178267,-0.18076070014967968,0.6337037039613165,29.0,1.0
533,0.16808901766742695,0.13078487892463464,0.20788933830085518,1.2663680735542429,-0.20956242313308737,6.0,1.0
534,-0.6748567387626655,-0.7346215270603946,-0.4159529471143658,-0.023552689038091067,2.261895231615167,57.0,1.0
535,1.0726904855386574,0.3496257925234042,-0.216225501877603,-0.912707956000471,-0.979875789825001,79.0,1.0
536,0.2925382928708342,0.6984543353433403,0.2070377266785941,-0.3544313625038554,0.1060454857064286,13.0,1.0
537,0.3479657114668854,1.0804858566510456,1.352610905912627,-0.5136268055844089,0.7288820924091917,85.0,1.0
538,-1.4507463386219328,-0.4585617542960443,1.857193175221126,-0.20829100128716796,0.5054398783235367,28.0,1.0
539,1.744927855695434,-0.736444715943205,-0.6038515100394001,-1.6628687695834856,2.304917271879096,41.0,1.0
540,0.636229972622365,0.7133512533787053,0.25299466402202453,0.4062768479679064,-0.7215171932811834,16.0,1.0
541,-0.09041344155877461,0.4233245662246631,1.229506326931626,-0.5152486130347248,-1.1080202679338766,143.0,1.0
542,1.6180186932427898,-0.6102984869209124,-1.4925151521831992,-0.5496408048102445,0.42380831227931876,134.0,1.0
543,0.20365931707356433,-1.2672622444828792,1.2214222076156902,-1.1075421920033446,0.040531017167349616,123.0,1.0
544,-1.4222054982222265,-0.3196692644599576,-0.5920151559271104,0.5658514913502692,0.7324953663119281,6.0,1.0
545,-0.3187522480787161,0.8118593638757494,1.1931615959835542,-0.4214890970335555,0.36171781426573174,7.0,1.0
546,-0.774663234942098,-0.6431601749011181,1.184860428054707,0.07243561170349402,0.670114184574037,20.0,1.0
547,-0.04668765946712518,0.6369003797205536,2.061637598042388,0.5761063156333772,-0.4815457001505646,44.0,1.0
548,-1.3895773508783724,-1.0331190698960977,-0.10356207634858566,0.18907938034179161,-0.5815375197493429,6.0,1.0
549,0.42587474391810304,1.6796790862748638,0.005077330765050793,1.7082054241568216,0.491844339497017,19.0,1.0
550,1.0477306635115766,-0.600216693241146,-1.2319319366694206,1.671823689952171,-0.775026299119951,14.0,1.0
551,-1.8624016946818174,0.11324662904945938,0.01714059840652819,0.12156828833042364,-0.1965486909879584,3.0,1.0
552,1.6386806118124304,-1.6346684278147268,1.3896153072964228,0.5278577469964858,-0.2931056698059428,23.0,1.0
553,0.20702199424926396,0.40755501416081313,-0.5064214026728546,-0.6632770634509486,-0.3073954219297769,1.0,1.0
554,-0.5645652652150233,2.638099027981341,1.103148335066709,1.0141224073285768,-0.3831445344725064,51.0,1.0
555,-0.7498987550887272,0.20394335624029808,0.3469406448266888,-0.5654921960631125,-0.9278946083914861,1.0,1.0
556,-0.01509582946289794,-1.1337879373178439,0.8061626321124743,-0.0003914227458339025,-0.0026172752328194205,19.0,1.0
557,-0.6892724214905291,-0.14320495042962875,1.6633946223650353,-0.17204357738912618,0.6042904880153432,1.0,1.0
558,-0.841800698552788,-1.4076684201089225,1.6305069983337122,0.7414626112603478,0.357382828513832,54.0,1.0
559,-1.451676902787045,-0.4498990417733833,-0.7918607631269066,1.6180273416444408,1.0735502137062463,3.0,1.0
560,-0.15130943864417937,0.9908667660115835,-0.7470805773563012,0.020852525159764913,0.6746956036223413,1.0,1.0
561,-2.32241510318294,-0.38277607688792664,-0.13701804985459165,0.7802813813652836,1.509829824932908,15.0,1.0
562,1.2709508444829964,1.1955992586667363,-1.3031259798857928,-0.49243586526342364,0.7169298563647002,35.0,1.0
563,-0.8000341840024434,-0.40659127534633266,-0.3750649594120302,-0.2810982514885943,1.6452328611535256,31.0,1.0
564,-0.6016614765324884,0.007849388571761654,-0.15247292635427734,1.7951533350466935,0.47367994477483144,14.0,1.0
565,0.0799077629494651,1.0303177739143157,0.8198266246121272,0.3748553219035741,-1.3949810076725455,32.0,1.0
566,1.5377205933505842,-0.8814092961821062,-1.17105049675644,2.0170441180594367,-1.6464805901888877,28.0,1.0
567,1.4016033303283515,0.5037919075558306,0.8970015852659835,-1.099440123527674,-0.482404340504887,81.0,1.0
568,0.2864365637818517,-0.6614015250393727,1.3513158629389128,-0.10927953132320561,-0.4288843236660097,3.0,1.0
569,0.6498702868815979,-0.370940565129519,-0.46066190974519367,-1.8925995277897776,-0.1483723770044108,31.0,1.0
570,0.5573789553397864,-1.5910369321534,0.24745617302249326,1.180464868416033,0.21333248287930304,3.0,1.0
571,1.4178235705578635,0.8250893302879089,0.13026132851034947,0.9860685885307501,-1.0808399718331168,57.0,1.0
572,-0.7283166485131816,1.621854514496212,0.8856212237109088,0.24055723656361405,-2.351764001329981,195.0,1.0
573,0.22075758046886623,-0.3148380595789225,1.6884402476245577,-1.0197312798983678,-0.7600213913022198,26.0,1.0
574,0.74378985571482,-1.3291607323015773,-0.12307951234331307,-0.8645103265215921,2.582464920008387,57.0,1.0
575,-0.5697958121383608,-0.7107549737734081,0.9006489412887458,1.4041696024212984,0.959083078437625,20.0,1.0
576,-0.8098403341403324,-1.864253568126775,-1.0192027075587553,-0.2467779930103101,1.4644792586076405,55.0,1.0
577,0.9982861065797094,1.1375540254585585,-0.18894223362890447,-1.7713631844398077,-0.5480994153956554,10.0,1.0
578,0.2140187067616797,-1.269034038966949,1.4035615829361674,0.6472730166750115,-0.2484852754692529,59.0,1.0
579,-1.7626829508131814,0.9015136840862227,-0.5991936851618562,0.21203568653659766,-0.40301569406906984,21.0,1.0
580,-0.8600580674524811,0.035612499800418515,0.34959563423116247,1.2290386171864713,1.2038405596833162,67.0,1.0
581,0.5988992648882474,-0.7166758624030356,-0.9258395562699394,-1.386567585221472,0.7396912593641102,39.0,1.0
582,0.11357202783266931,-0.26541585417861624,-0.32182751920054714,3.563635513860361,-0.6600134096887728,133.0,1.0
583,1.037087720419103,0.9345669075581421,-0.7438992975186626,1.0445474759865254,-0.49564581173744154,60.0,1.0
584,-0.2778458033960501,-0.6279318402548013,0.505785066397633,-0.6638195204080489,0.19594180108047532,7.0,1.0
585,1.0324584616415304,-0.3136726166060309,-0.0313536434710713,0.3761065037442184,-1.3762582829113443,16.0,1.0
586,0.23183430250319145,1.5904154986225014,-0.7971390130381447,0.25636664735732156,1.5742804406101185,143.0,1.0
587,-1.5883526743926415,1.9863787083153563,0.02571838392982504,-0.3029650338586783,-0.5183918097110746,27.0,1.0
588,1.1906577184010687,-0.39429613413656095,0.09856974336108344,0.3657907523363169,0.1873114584127497,29.0,1.0
589,0.8388960483905225,-0.49462056938032106,-0.4263858654244128,-0.7851822898700358,-0.6434085093850147,2.0,1.0
590,-1.2799732461552364,0.39594982636531667,-0.5945821044498466,-0.2508531150521785,-2.790484128221194,152.0,1.0
591,0.5833325961729601,-0.4521511948781257,-1.5993968275521742,0.1978100748045536,0.961514423143475,34.0,1.0
592,1.2966087865473814,0.0018734099089563424,1.4250388325558405,-0.6571098071438521,0.4398009513517837,101.0,1.0
593,0.10572686223811159,0.9965127624823754,-1.659038493053522,3.0906568307294044,0.7492412315479903,102.0,1.0
594,0.9247296814183952,-0.4259250531888687,-0.304524519508762,0.22917445757395072,-0.9915891005937527,11.0,1.0
595,-0.7759290709814382,0.286618398638657,-0.011321103688799248,-1.3625949539440492,1.587282037891273,54.0,1.0
596,-0.01750090912665578,-1.1815278871679384,0.2580534399641625,-0.8983211538883891,1.6176978358281315,16.0,1.0
597,2.2626341374103784,-1.5811900760320412,1.3594388932796215,-1.3257090284877044,1.011256107860149,101.0,1.0
598,-0.5236669700136979,0.18143249900822964,0.41939938843395536,1.5869350157397575,-1.0537804997796916,28.0,1.0
599,-1.2307735175576795,0.8719675514007642,-0.528110766969644,0.2106800569618883,1.2725334268848951,42.0,1.0
600,0.34699687881151414,0.7782360436884902,0.022189853791229872,-2.414712017824843,-0.5437791386188785,112.0,1.0
601,0.704048528231174,-0.8221903879091692,2.1334203132781258,0.39570463512702453,-0.7032900503489687,58.0,1.0
602,-1.1203098926111832,-0.6528343597066849,-0.8185488388335201,0.4362723865029828,0.7129924142572901,11.0,1.0
603,0.7662038869977238,0.7130906233020616,-0.41098263528018375,-1.7147551307224138,1.311804353775977,65.0,1.0
604,0.7391091567233494,-0.25832146483913065,0.8091172330664089,-0.2976039485731567,0.38944865809820345,29.0,1.0
605,-1.983249372417921,1.4162067929634352,0.7365372341946561,0.1465181293437305,-2.6432333753786685,95.0,1.0
606,-0.7284652141391837,-0.5394196299064034,-0.6678496489289172,1.3256297169735516,-1.172433012325667,45.0,1.0
607,-0.8337219936026745,-2.7114863704597543,-0.8798235705279414,0.8054847371509836,0.33977114541111025,31.0,1.0
608,0.245674713112307,0.47588042944480174,0.4377773249630261,0.3139305316305938,1.337750564649394,60.0,1.0
609,0.9456787660017879,-0.37820507925444447,-0.4242392349076607,0.06414889530163677,0.20633241084821147,18.0,1.0
610,0.4523556971670453,0.9018081482525555,-0.26510489718269137,-1.1520862177971216,-0.6375781273117995,16.0,1.0
611,-1.0313021279040602,-0.42111401656316183,-0.5569669528677992,0.3922348561477467,1.189966269776053,44.0,1.0
612,-0.4926313455413855,0.828514366955811,-2.028574724876482,-1.71733358728321,0.5847091126168111,4.0,1.0
613,-0.49672870788663537,0.6515980364391949,0.7309184509668399,-0.3249001462401007,0.5233695913859492,24.0,1.0
614,-0.7087802885916636,1.5878271088727847,-0.2857362341944495,-2.132243684384534,-0.20392085296385926,16.0,1.0
615,0.45553187030948455,2.621138753281387,0.653654955218202,-0.10095154485585826,-0.9660487357929985,147.0,1.0
616,0.9745895979951881,0.0983634183923193,0.892621078067735,0.7743031829969771,-0.19337285339759333,2.0,1.0
617,-0.9529682370272768,-1.0052141687837368,1.873687739881948,-1.5720112992093356,1.3565479486545062,3.0,1.0
618,0.9719853877822466,0.7885297015740719,-0.9529489550906205,-1.392053726082915,0.4690412883323418,113.0,1.0
619,-0.1276358736436773,0.4623085288014036,-1.7661421189232176,-0.5117048431474621,0.22179807420862926,9.0,1.0
620,1.609013363558572,-0.6201026223164517,-0.8552752448312961,2.9373559494583357,-0.2923787672714726,14.0,1.0
621,1.0990308089368352,2.2415612945604186,-0.2514642393393104,0.4160713454424928,0.9766936796724676,82.0,1.0
622,-1.2585977791197238,0.27003673456335686,-0.6283070545226017,1.824117265611639,-0.7381585237161388,12.0,1.0
623,0.554283639265101,0.3614832514813697,-1.3281481090172131,0.5849954544134848,-0.2941269394757106,23.0,1.0
624,-0.413243715429621,0.7353531600129539,0.5243057559885275,-0.3993125875349248,-0.09736339158096002,2.0,1.0
625,0.7488468543932137,0.3601322409404706,-0.564010064136244,0.14453755091530568,0.02922653551033573,7.0,1.0
626,-0.9605768366756348,0.9216970594983392,1.1443935326429502,-1.1522423282213448,-0.34114968366902493,1.0,1.0
627,-0.8734185754325444,-0.41337920194637817,-2.6309885902424046,-0.24898584045581112,1.8910881035093319,160.0,1.0
628,0.9357865699452691,-1.0278797204338914,-0.2465392724354696,0.6026032298417161,-1.0241270928277961,16.0,1.0
629,0.7959595346276096,0.15864989814221264,0.06585811190630764,0.1793357908038264,-0.24861562347538446,12.0,1.0
630,-0.0025429906644272647,-0.8161908082591993,-0.42694671414578017,0.5732878336232257,0.4442107551308644,2.0,1.0
631,0.6567804523150564,-0.7198633929089436,1.9412642521418346,1.6682738787907476,-0.17359331756897192,110.0,1.0
632,1.7767747568000425,0.31640425240039377,-1.9357721140563486,1.094546289986218,0.00937211120671332,144.0,1.0
633,-0.7196273471002759,-1.029410168071215,1.6519291825802758,1.2870626095743378,0.9286087894327458,105.0,1.0
634,0.46861023395959994,1.4814501070655668,-0.06414761312203905,0.6559533237673806,0.35527225413893715,23.0,1.0
635,-0.2535693532710876,-0.025522820648844126,1.4134161145464823,0.9619636046789316,-0.6185802614936201,20.0,1.0
636,1.1763661556637899,-0.13738001071397588,-1.1582532985212801,-0.3920244648064378,0.9277320453348465,9.0,1.0
637,-0.5467876716952151,-0.9534664028327122,-0.6476252100313994,1.1955659162956795,0.6249791028600782,114.0,1.0
638,-0.0400415017269928,0.21274309255766818,0.8813030607838096,-2.7146904117284025,-0.3689802955142551,92.0,1.0
639,-1.2467505932891343,-1.3711703461863716,0.16582475049314077,-0.8509223996266443,0.7419332073587644,89.0,1.0
640,-0.5800857933847714,-0.025051474386573108,1.0724945676079045,-0.8355144910286719,-0.7849966410833846,14.0,1.0
641,-0.9547165000497946,-0.45043435701015117,1.0052098455356329,0.3810142744084414,1.848965266826273,21.0,1.0
642,1.8859625621788947,-1.9798449258213624,1.2507956700715146,0.07791299295457546,-1.026683648110326,22.0,1.0
643,1.6283795446349585,0.5543913133124657,1.9298805914362198,-1.355872506906757,-0.36986785657983945,137.0,1.0
644,-1.9054159034948164,2.805158747714673,0.8133658247807614,0.5399685069592051,0.2833025108357967,145.0,1.0
645,-0.6315344663757255,-0.03544544974768594,-0.34367534751178913,-1.5512438039268428,0.5820842463861291,27.0,1.0
646,0.13148892188787162,-0.3628321999056202,-1.566060846298916,1.5380737538494014,-0.7383872514433624,119.0,1.0
647,-0.7390182443377746,0.945972655452555,-0.8027482395249863,0.9108010350167555,1.8170740110812393,8.0,1.0
648,0.2175301163486132,-0.12578456942769187,0.851463722419886,-0.06444245752913237,1.8496478811169432,31.0,1.0
649,-0.27370924947758585,-0.9391043832636552,-0.07134103298137814,1.22807652796985,0.2132053274091995,28.0,1.0
650,-1.1643235143601456,-0.5668256645647706,1.68752316004299,-0.6871837400944345,-0.49150235020488225,12.0,1.0
651,-1.5494258899720084,1.2737889667425153,-0.030292744562448334,-0.32882919897981644,0.6279520684201516,9.0,1.0
652,-0.021906629434196506,-0.1384018409199141,-1.2970769439591137,0.2949446397874643,1.851451966945102,114.0,1.0
653,0.05789190280634603,0.16765555497822907,-1.1847899144563656,-0.024096546922024294,0.8696352450121934,26.0,1.0
654,1.4037822465134948,-0.18987504846055336,1.2342732873216906,0.2738768991902841,-1.8097712341392693,10.0,1.0
655,1.8995364830454156,-0.593832465560471,-0.23607838975367926,0.6690024678699416,-0.5287002123052136,19.0,1.0
656,-0.5595695953428932,0.2678742982670801,-1.3093968423366782,0.373808098872413,0.7022069300873278,5.0,1.0
657,0.12317436352061369,-0.10307834311118583,0.528643731532738,-0.014623660150607422,-1.5336034503390457,13.0,1.0
658,0.625112964395412,0.0995491548539324,0.040743621483830046,0.5358238075297028,0.1668447912595518,9.0,1.0
659,-2.499302306348232,0.7507235420654468,0.04322346529291951,0.6308012348622709,0.29747518315706556,19.0,1.0
660,0.515445404780609,0.29606267789102186,0.9528771178132309,1.6840290916050362,-0.6290335408059351,3.0,1.0
661,-0.7626747430991062,-0.36015043078731535,-1.7158528460727676,-0.5308306162879571,0.08040853893960151,8.0,1.0
662,-0.8483066021295654,-0.01610080656376228,-0.44188760954957595,1.3826653050801678,0.6272931602824383,4.0,1.0
663,-0.7536191935298179,-1.927950423612832,0.36734441318006056,-0.15463565752433545,0.4657051323742884,4.0,1.0
664,-1.9651441907875058,-0.12109879107820241,-1.4111986921053887,1.002309078274504,-1.2660331862459773,9.0,1.0
665,0.21335725996038707,-1.125214777314161,-1.255409145724887,0.13908441582298495,1.417672336987252,30.0,1.0
666,-2.082918760790233,0.33612563511222376,-0.44036742058263245,0.08512809450382892,0.3766646838182642,27.0,1.0
667,0.12989080366749442,-0.5442268795407609,2.269039320219556,-1.9160274226066782,-1.2311644196940725,24.0,1.0
668,1.1073663905876527,-0.42704783459351214,-1.7207807192678017,1.7493888054589843,-0.2352227779691754,1.0,1.0
669,-0.2885775995162961,1.2431066084671378,0.9515004112127402,1.2643572195296717,-1.4222925369947053,81.0,1.0
670,-0.7272884343030098,-1.220247009793097,0.7620933857123812,-0.5532601790740752,-0.8189582383984133,24.0,1.0
671,-0.7150547052133,-0.037562621478921594,-0.6800399351565748,-1.2179264077649248,1.373898863013283,7.0,1.0
672,-0.39382732203962867,-0.4781601265331953,-0.8660999336124796,-2.3243075642610727,-0.04289436421552659,10.0,1.0
673,-0.5870792056183891,-2.5484846863282202,2.5826464855476985,1.3143065452602554,0.41411994264034463,110.0,1.0
674,-1.0336373961854275,0.6576603133475012,0.8779282342173216,0.0020876174144421715,2.631200977042322,24.0,1.0
675,0.662162854713934,1.0185553515654162,-1.6191082252960345,0.26071633223699553,-1.1064451660491754,19.0,1.0
676,0.04594264972254798,0.1305039979240144,-1.4841892293805816,-0.5913945580739625,0.4831631084309676,6.0,1.0
677,-1.04341594466688,-0.9767078666590048,-0.1988666686283648,-0.06197408209067869,0.7902864021916047,2.0,1.0
678,0.14560195649249053,0.9764294792902665,0.9122354387369683,0.48341025687069195,0.4975185327038704,37.0,1.0
679,2.1700636864110527,-0.32615143243120104,0.5826312568356888,0.4547999909969455,-0.7531330333274832,86.0,1.0
680,0.5856330971237849,1.5119732271170092,-0.4108498286441475,0.3766144777115171,1.703623517413216,177.0,1.0
681,0.8250466758980813,-0.03568022045580157,-0.31614854592988584,-0.05494597382833614,1.4141663562713795,88.0,1.0
682,-0.7451758780704127,-2.0596184257203785,0.2742234960758176,-0.3141602502610822,-0.3997087680020344,3.0,1.0
683,-0.08278297883872485,-0.17542390990216064,-0.6008378678106848,-1.3133955202342438,1.8065418783564493,6.0,1.0
684,-0.5999672864769698,0.33058277527685415,-1.1814160144033785,-1.3772126662614985,0.9068837264209252,11.0,1.0
685,-0.018662253766899284,0.44892298196477254,0.6728235416505977,2.23375965126442,-0.6822654278541694,54.0,1.0
686,-0.8459916872829558,-1.4362342124587997,-0.6368356757975604,0.5644365595511336,1.0068285977740326,48.0,1.0
687,-1.6263990157854424,1.0498784340243483,0.4818905533729313,0.04036021656462846,-1.3861025516160046,32.0,1.0
688,-1.9565038273093935,0.7431613081300682,-1.1873626417321708,-2.4588580843626384,0.6474923390291868,26.0,1.0
689,-0.6772402565789915,-0.5705961198919024,0.7357996989085104,0.6032745951635096,-1.0505274975750434,6.0,1.0
690,0.9636482831525487,-0.3876143109286688,-1.52646418241548,-1.5155207619947049,0.2850713445598227,36.0,1.0
691,-0.10703864828586265,0.8263364892696989,-0.07669486800092559,-0.21846995868224178,-0.5912000094742844,2.0,1.0
692,-0.22246459053133327,-0.4834359249654826,1.0118643075712113,-0.9866213896891928,0.6237661680332055,8.0,1.0
693,-0.27712648647774124,1.413531263074163,1.3339827550627672,0.5857900597076972,-0.9833463319019335,50.0,1.0
694,-2.708671231518772,-1.5760138672412574,-0.7705829522586857,1.136076983691292,0.06360320201358667,8.0,1.0
695,0.12135615646046566,0.24404425371648292,-0.24490967416790158,0.060588262895535504,1.6313053287500083,71.0,1.0
696,-0.2966537224860484,-1.1749808591048707,-0.16860784337303514,-1.2994306935222488,1.488329455782637,30.0,1.0
697,1.5465725856593715,-0.9656232399234113,0.11316439841366423,-1.5380864971210848,-0.8496499154326934,34.0,1.0
698,0.06034583202785283,0.32409281765081416,-0.13457265206627317,-0.34481650921974466,-0.11294705274997958,1.0,1.0
699,1.0490225749466469,1.5587374122092592,1.068690107326384,-1.9548972091154975,1.5395859661732947,178.0,1.0
700,-0.14342425761662403,1.2227204036226824,1.086841799595222,-1.6324350101461038,-1.9054535367112502,2.0,1.0
701,-0.2442950025410705,-0.2763733578463898,1.339041413831309,1.3456759788694617,-0.3163534397315743,38.0,1.0
702,0.1930327536840068,0.06747228896655061,0.04149661121309766,-1.585680530710429,0.340878563342314,31.0,1.0
703,1.6481287850408908,1.4336267623385954,-0.8185516212562688,-1.4133859338241115,-1.8773937208961684,172.0,1.0
704,-1.4975632218407724,0.3830956420068581,0.5849733174199025,-0.8030394952359128,0.3107612067175548,6.0,1.0
705,0.8472489339753607,1.2263490694090085,-0.334798603654081,0.7884478008678307,2.279265001666416,1.0,1.0
706,-0.1227006540527108,-0.7727057399647718,-0.7339072087803485,0.9921989543093443,-0.6252238749962727,19.0,1.0
707,-1.8005072451371,-0.3132242798089108,0.04273984159748248,-0.5786959244661389,-0.32616553050392383,1.0,1.0
708,2.6396980245952313,1.0225544503536697,-1.3524512831541666,-0.7627454424939972,-2.047963602201672,21.0,1.0
709,0.5463944560633202,0.6728852656261849,1.0155695310097257,0.486382966245447,0.3795918230315052,50.0,1.0
710,1.08579247877741,-1.301982108343353,-0.12740149277518137,-0.7340665123757188,1.255513270454441,22.0,1.0
711,-0.1543246479909245,0.8096914804743433,-1.5889803307730808,-0.8100065479766119,2.092115202334718,59.0,1.0
712,-0.020282591514487823,0.14368379275949425,-0.3792517516611015,-0.5895036010709335,0.9045489111132144,9.0,1.0
713,1.1428910059452724,-0.6545976119045352,1.5313169911368123,2.0544730918800425,0.23916062127836515,109.0,1.0
714,-0.2855357990084088,-2.0222597362451586,0.39762091401714894,-0.6115438364306934,-0.7716909797595995,8.0,1.0
715,-1.5145634439728333,1.228403379223866,-1.5893485135519243,-0.9027527009107832,1.5183512344347017,14.0,1.0
716,1.8722998382198293,-0.6228357581209014,0.34587827898674156,0.8162051916123888,-0.14616224130529146,21.0,1.0
717,-0.23452158569628492,1.0562511862416062,0.6287174339432798,-0.5793191415085125,0.4433659007242523,3.0,1.0
718,-2.213739458656567,-0.06262251065325777,2.303898408731077,0.7097201845020141,-0.05956628385246767,33.0,1.0
719,1.8407937143950213,2.1208981536284157,3.050060804065757,-1.1447349547011612,1.183610889776548,177.0,1.0
720,0.20327198757271647,-1.1131302393963978,-0.9913338066635756,-0.6703610036573164,2.7015342270710607,162.0,1.0
721,-0.69291003214193,1.287352802169932,1.2307676612780472,-1.8370944553417274,0.3548541136488798,67.0,1.0
722,0.16418192954237945,0.9369140353437596,-1.4705774719427211,-0.21919462366591944,1.1273338789055418,39.0,1.0
723,2.6685504516134233,0.8015903832325015,-0.6027496966996536,-0.9225349864447667,0.07261622419225326,101.0,1.0
724,-1.2852425307701112,0.7995064947080621,-0.48836543934804877,-0.6453521963047297,0.4319051966223023,10.0,1.0
725,-0.37662275231502335,-1.3949132253275343,0.6199236495383549,0.27408888231721285,-0.028906659810137496,3.0,1.0
726,0.899883563687818,0.45983340327607297,0.14659359286001444,0.3110986335721414,-0.6726694876863268,16.0,1.0
727,-0.8460515439452764,-0.45120765722959727,-0.2892555689716849,0.8427023902608258,-1.6914043432020454,18.0,1.0
728,0.2023582111476418,0.2484984431833222,1.0461989241886789,2.232409757930037,0.7589436628041327,178.0,1.0
729,1.1969817810827792,-0.5043403506475204,0.8250257111731035,-0.8848783288738525,1.9907001617884406,31.0,1.0
730,-0.8187377645141205,-0.5500481700827524,-0.019834667478386768,2.021464899939766,-0.44191450027723045,63.0,1.0
731,-1.6061358590392982,-0.37627082834116976,1.328694322059338,0.3353100412244149,0.8472556797739901,9.0,1.0
732,-0.20630832615099598,0.18879774691225518,0.6968744541877505,1.793216080866439,-0.25356696736544737,77.0,1.0
733,-0.7855306099342501,-0.7101875821557507,0.42052763893145134,0.21146313738333802,-0.3071195872580751,2.0,1.0
734,0.38370059783489385,0.4184453885260173,-2.259515191063309,0.21917280888434504,-2.0577074381767715,92.0,1.0
735,-1.0363852669113107,-0.30363289117482656,-1.469773943586608,0.2703174898827347,-0.00276124507529282,1.0,1.0
736,0.7327029331230945,-0.42826876083642446,0.7554387174427459,0.8765743251005899,1.1986684346961345,41.0,1.0
737,-1.139192344549411,-0.19598120731695576,1.238430941371426,0.9812489621747557,1.349460037358067,124.0,1.0
738,-2.2381880529882623,-0.0036405709496264995,-0.6095991580018817,-1.3859222686507953,-1.2147652223805219,5.0,1.0
739,-0.9665865802449288,0.38012514830083555,-0.09114376875795048,0.7639835263355332,0.22224699066931403,3.0,1.0
740,-0.6795608967847401,0.19702784567212464,0.8138513970463869,-0.958022340766079,-0.6984885748866382,3.0,1.0
741,-1.0167847306913758,1.3999122867651221,0.06705280737858015,0.45720266586276465,0.42596852581610656,3.0,1.0
742,0.6609166802879127,0.9905442713032295,0.047216752102760336,-0.9549706167172894,0.7677760552422083,15.0,1.0
743,-0.8417438261613546,0.18169410860351826,-0.6823094296209218,1.4909086720515965,0.020163452992480502,23.0,1.0
744,-0.0017728528791577658,0.9413273385588967,-1.8141629871210825,-0.59588271364632,1.2103224465672198,179.0,1.0
745,1.6787412334897376,-0.6079393859928733,-1.4726043157541782,1.9392497692047053,0.7841410254317925,35.0,1.0
746,-0.43648693234283326,0.07889139918829914,0.6713105717726205,-1.6756789392412583,-0.3858476194986278,16.0,1.0
747,-1.2145190615089339,0.5490211276484932,-0.13198941647269444,1.456218178174343,-0.3781425106166039,103.0,1.0
748,-1.9805554734462159,0.7985613480678072,-1.1718760392406236,0.9050190749411303,-0.8007142346283923,14.0,1.0
749,0.2827699171497361,1.4574896878722756,0.2666405563703946,-0.1308980652395727,0.28532112238526347,45.0,1.0
